author,text,likeCount,publishedAt,neg,neu,pos,compound,Sentiment_vader
@kaelidance,I am in AWE of how they built the sets and all the dancers and the costumes,41813,2025-10-05T23:06:43Z,0.0,1.0,0.0,0.0,neutral
@Mywonderland13,"She‚Äôs the definition of ‚Äúevery color suits me‚Äù  blonde, dark, red‚Ä¶ all flawless!",41648,2025-10-05T22:57:35Z,0.0,0.77,0.23,0.5562,positive
@BlairCall-c4l,I love how she used her Eras team!! The dancers!! They are incredible!,67270,2025-10-05T23:06:40Z,0.0,0.672,0.328,0.7482,positive
@hypnotic-knock,This may be her best song yet.  The lyrics.  The tenor in her voice.  The production is far and above anything previous.  She just keeps getting better.,125,2025-11-08T00:24:59Z,0.0,0.779,0.221,0.7964,positive
@SwifTea013,"this might be her best mv yet, the visuals, the choreography, the storytelling, the wigs everything is so on point and when you say you can‚Äôt be amazed this woman just does it again",59457,2025-10-05T23:05:15Z,0.0,0.812,0.188,0.8126,positive
@WATERMEL0NLIPSTICK,"The seamless, smooth transitions between scenes is actually magical. This is one of her BEST music videos literally ever",16294,2025-10-05T23:55:46Z,0.0,0.785,0.215,0.7125,positive
@urielbrg,who‚Äôs here before 1 million??,25155,2025-10-05T23:21:29Z,0.0,1.0,0.0,0.0,neutral
@LienRuD,"Hello everyone! I'm a 31-year-old woman from Russia, and I didn't understand why the world was going crazy over an ordinary pop singer. I'd heard news about her and her popularity, but I rarely listened to snippets of her songs and couldn't comprehend it. Recently, the internet was buzzing about her new album, and I decided to finally listen to her from start to finish, as well as watch her music videos. My world was completely turned upside down! I've been rejecting this diamond for years, but now I can't get enough of her voice, the beauty of her music videos, her lyrics, and her live performances! I just have a lump in my throat, but I'm in the same swamp as you, and I'm very happy!!! üôèüèª‚ù§Ô∏èüò≠",15,2025-11-08T15:44:38Z,0.041,0.815,0.144,0.9476,positive
@iamrilxyy,100M views!! ‚ù§,4765,2025-11-02T14:14:04Z,0.0,1.0,0.0,0.0,neutral
@HeisenbergFam,Everyone who worked on this MV deserves a raise,18125,2025-10-05T23:03:10Z,0.0,1.0,0.0,0.0,neutral
@taylorhzx,3:57 VIDEO OF THE YEAR,9686,2025-10-05T23:04:27Z,0.0,1.0,0.0,0.0,neutral
@agungmulyanaiskandar8918,"i love taylor when she singing Country, but she also great at POP.",4,2025-11-08T16:47:23Z,0.0,0.548,0.452,0.85,positive
@mylenar.1350,I cannot believe she finally chose the best song on the album as lead single . With a mv that gives it justice LOVED LOVED LOVED,5697,2025-10-06T00:01:25Z,0.0,0.456,0.544,0.9735,positive
@katepgirl,"She's mixing Shakespeare references, showgirls, and pure vibes. Iconic.",9906,2025-10-05T23:50:28Z,0.0,1.0,0.0,0.0,neutral
@Gabby14477,Just came home from the cinema and saw this music video. This is 100% one of her best ones ever.,7885,2025-10-03T21:14:39Z,0.0,0.819,0.181,0.6369,positive
@felipeaquino4508,someone listening today?,578,2025-11-08T11:28:45Z,0.0,1.0,0.0,0.0,neutral
@rtg7h,"The video is amazing but can we talk about the fact she brought the Eras Tour dancers to be a part of it? They were literally there with her on tour when she and Travis started, when he went on stage, when she changed the Karma lyrics, and now are here when she's singing about him changing her heart's faith. That's so lovely ‚ù§Ô∏è‚Äçüî•",2813,2025-10-05T23:05:36Z,0.0,0.836,0.164,0.9142,positive
@cwoissant_22,This is arguably her best music video ever and the fact that it's self directed is insane wow,5883,2025-10-05T23:28:13Z,0.176,0.524,0.3,0.6486,positive
@martinooonachef,"üíö She opened her diary and let the world read
üíõ She taught us to be fearless
üíú She taught us to speak now and use our voice
‚ù§Ô∏è She was there through the heartbreaks
ü©µ She showed us it‚Äôs okay to begin again
üñ§ She taught us that even people can be snakes
ü©∑ She showed us love is worth it‚Äîeven if it doesn‚Äôt last
ü©∂ She taught us that storytelling can heal
ü§é She reminded us it‚Äôs okay to feel deeply
üíô She stayed with us through the sleepless nights
ü§ç She taught us that even pain holds poetry
‚ù§Ô∏è‚Äçüî• She reminded us that even in chaos, we can still take the stage and be a showgirl / showboy",4574,2025-10-05T23:30:04Z,0.079,0.817,0.104,0.25,positive
@serhatocal3653,The best Taylor Swift performance I've ever seen and the best song I've ever heard.,74,2025-11-07T15:10:02Z,0.0,0.541,0.459,0.8807,positive
@GloRida96,"the orange bird flying out of the window in the final scene - remember her in an orange outfit in a bird cage in the look what you made me do video? She was caged, and now she's free. üß°",7219,2025-10-06T01:11:35Z,0.0,0.916,0.084,0.5106,positive
@paulkolo11,"Who else saw it already in the cinema? Cant wait for the video to drop, I just LOVE the storytelling! One of Taylor‚Äôs best music videos ever, it‚Äôs such a great production üß°üé∂",4376,2025-10-05T14:28:06Z,0.049,0.633,0.317,0.925,positive
@tttccc4539,"I have to say, her directing skills have really improved. From her early work The Man to this new one, she has made so much progress.",1709,2025-10-05T23:07:37Z,0.0,0.78,0.22,0.7559,positive
@lilibeth5246,"Since 2006 making the world stop, love you Taylor‚ù§Ô∏è",10,2025-11-08T16:43:07Z,0.164,0.522,0.313,0.4588,positive
@jeremydoeshair,I STILL can‚Äôt believe she filmed this in silence with just an ear piece so the music wouldn‚Äôt get leaked!!! I could never!!!! ‚ù§‚ù§‚ù§‚ù§‚ù§‚ù§,2474,2025-10-06T00:14:49Z,0.142,0.858,0.0,-0.5374,negative
@UpulArangalla,"This isn‚Äôt a MV‚Ä¶ it‚Äôs a movie, a poem, and a masterpiece all in one...",904,2025-10-06T01:54:28Z,0.0,0.709,0.291,0.6249,positive
@Malwandlasmile,"finally 100M views, now aiming to 200M‚ù§",5,2025-11-08T15:40:51Z,0.0,1.0,0.0,0.0,neutral
@justinkevindubreuil,"I SO GET IT! the last album she WAS Ophelia, a tortured poet drowning in her heartbreak and then she met Travis and he rescued her from that fate and now she‚Äôs reclaiming her story - like üò≠üò≠‚ù§Ô∏è‚ù§Ô∏è",1921,2025-10-05T23:21:37Z,0.173,0.706,0.121,-0.5093,negative
@beauteapolitan,WE NEED MUSIC VIDEOS FOR ALL THE TRACKS IN THIS ALBUM!!! üò≠,1098,2025-10-06T05:42:49Z,0.0,1.0,0.0,0.0,neutral
@narunde,This isn‚Äôt just a music video ‚Äî it‚Äôs a cinematic experience. Taylor‚Äôs mind >>>,2614,2025-10-06T00:01:32Z,0.0,1.0,0.0,0.0,neutral
@Tuckrzrrider,The red outfit is so pretty,6,2025-11-08T17:09:45Z,0.0,0.548,0.452,0.6269,positive
@MacyXoxo01,"THE LOOKS
THE CHOREOGRAPHY
THE DANCERS
TAYLOR OFFICIALLY MADE HER BEST MUSIC VIDEO EVER OMG",1258,2025-10-05T23:10:13Z,0.0,0.769,0.231,0.6369,positive
@ch-w6309,I've seen the music video in the cinema and I'm sure everyone will love it. I think this is Taylor Swift's most invested music video for an album release in years.,1858,2025-10-04T03:12:43Z,0.0,0.812,0.188,0.7579,positive
@beginshowgirl,"saw this in the cinema, i am back because i love it sm.",1484,2025-10-05T21:29:45Z,0.0,0.704,0.296,0.6369,positive
@JosephMwansa007,"No doubt this song is absolutely a masterpiece, and one of my favorites so far. And the visuals, the choreography, the storytelling, and the dancers are absolutely incredible.",31,2025-11-07T13:27:41Z,0.135,0.659,0.206,0.5413,positive
@CherrieK_13,"my guy this is INSANE. The absolute detail, the bread, the ‚Äòkitty‚Äô on the film snappy thingy, the letters on the chalkboard, the Oscar on the bathroom floor. You‚Äôve done it again Taylor.",1927,2025-10-06T06:02:03Z,0.097,0.903,0.0,-0.5319,negative
@sirgourabhimself,"Every time I think she‚Äôs peaked, she proves me wrong again. The growth, the artistry, the emotion ‚Äî she‚Äôs literally once in a generation ü´∂",1467,2025-10-05T23:30:07Z,0.126,0.769,0.105,-0.128,negative
@ttalgi1211,"a picture of travis on the mirror, 87 on the door, and the football catch!!! oh this lover girl ü•πüò≠ and she released this today on his birthday!!!",4118,2025-10-05T23:17:39Z,0.0,0.821,0.179,0.7696,positive
@AidalizSanabria-v7n4k,"Taylor giving us so much talent before 2006, I Can‚Äôt believe how much you came in these years, Taylor Swift‚Ä¶",3,2025-11-08T17:40:53Z,0.0,0.756,0.244,0.6682,positive
@andy07.r,"""Late one night, you dug me out of my grave... and saved my heart from the fate of Ophelia."" This is a pure masterpiece. ü§Øüé¨üò≠",1388,2025-10-05T22:42:27Z,0.0,0.761,0.239,0.7845,positive
@LeonieGenevieve-x2h,‚ú® I love how she transitions through different time periods-different Ophelias across eras. It feels like she‚Äôs a time traveler weaving through history. ‚ú®,455,2025-11-05T00:45:25Z,0.0,0.729,0.271,0.7717,positive
@Baileejordanross,Didn‚Äôt see anyone talking about it‚Äî but the hotel room she goes into at the end of the video is ‚Äú87‚Äù. Travis is literally her safe space at the end of the night!!,719,2025-10-06T01:07:47Z,0.0,0.878,0.122,0.6634,positive
@amandaplzmusic,Congratulations on being the world‚Äôs top artist ‚úÖ,4,2025-11-08T15:34:59Z,0.0,0.467,0.533,0.6908,positive
@FelicityPlayz,0:26 HER SOURDOUGH MADE IT!!! congrats sourdoughüéâüéâüéâ,1295,2025-10-06T03:56:59Z,0.0,0.584,0.416,0.6458,positive
@gvd3975,No one‚Äôs commented yet about how she worked the cover into the ending! I was so confused about the artwork for this album but now I get it.,289,2025-10-06T14:17:10Z,0.139,0.861,0.0,-0.4381,negative
@kendravlad,"THE SETS, THE TRANSITIONS, THE OUTFITS, THE STORYTELLING, THE DANCERS EVERYTHING IS SHOWSTOPPING",1203,2025-10-06T08:20:02Z,0.0,1.0,0.0,0.0,neutral
@lolmeditando13,OPHELIA üíô,4,2025-11-08T16:44:33Z,0.0,1.0,0.0,0.0,neutral
@OTWHOME,"She is officially the only other artist besides Prince to simultaneously hold the No. 1 film, song, and album in the United States. Icon WHO OWNS HER HARD WORK!!",778,2025-10-06T00:08:34Z,0.15,0.764,0.086,-0.2771,negative
@anushkasatam8093,The small orange door icon üö™ at the bar is just so cute and iconic. The small details !,2129,2025-10-06T11:36:54Z,0.0,0.794,0.206,0.632,positive
@Grace-j8q8g,I keep listen to the WHOLE album over and over again. NONSTOP .,271,2025-10-06T12:26:36Z,0.0,1.0,0.0,0.0,neutral
@Poppy-l4i,Is it just me or I‚Äôm not a swiftie but this song is one of my fav songs,3,2025-11-08T16:11:22Z,0.0,0.8,0.2,0.6124,positive
@MelMelfa-z9p,"This era is soo fun , Taylor Swift thank you ‚ù§",3001,2025-10-05T22:26:14Z,0.0,0.441,0.559,0.765,positive
@Opheliahhamlet,"‚ÄúThe fate of Ophelia‚Äù made me fall in love with my name again ü©µ 
Used to hate my name growing up‚Ä¶ now it feels like poetry. Thank you, Taylor Swift ‚ú®",439,2025-10-06T02:38:57Z,0.094,0.584,0.322,0.7906,positive
@noneofyourbussiness921,i saw this today in the movies! it was literally the best ever,514,2025-10-04T05:56:13Z,0.0,0.71,0.29,0.6696,positive
@123100ozzy,this is a banger im a swftie now,4,2025-11-08T17:03:26Z,0.0,1.0,0.0,0.0,neutral
@arty14,Hands down to the best music video of the year. Not gonna be surprised if this gets a grammy. Totally deserving.,3227,2025-10-05T22:54:35Z,0.07,0.754,0.176,0.5475,positive
@Fearless_swiftie85,"THIS IS HER BEST MUSIC VIDEO EVER, I went and saw it in theaters, and it blew me away‚Ä¶ the production is STUNNING‚Ä¶",1311,2025-10-05T00:45:18Z,0.0,0.81,0.19,0.7125,positive
@Ajgamer11099,So happy we got the acoustic version!,2,2025-11-08T17:26:51Z,0.0,0.583,0.417,0.6468,positive
@elianalieberman4827,THE FACT THAT SHE IS RELEASING THIS ON TRAVIS‚ÄôS BIRTHDAY!!,2296,2025-10-05T20:59:44Z,0.0,1.0,0.0,0.0,neutral
@leannedonnon1015,"Let‚Äôs take a moment to appreciate that SOURDOUGH BREAD ‚Äî absolute culinary and symbolic brilliance! You could feel how proud she was to bake it herself and feature it in the video. It wasn‚Äôt just bread; it was a metaphor for warmth, growth, and artistry. And the video? Utterly transcendent. Visually stunning, emotionally rich ‚Äî easily my favorite music video of hers, and honestly, maybe of anyone‚Äôs. Taylor, radiant and in love, is the version of her that feels most alive. And Travis? Thank you for showing up with grace and strength, matching her energy and being the partner she deserves. This era is everything.",606,2025-10-06T00:06:16Z,0.0,0.619,0.381,0.9938,positive
@shelbyhyoung,this is genuinely one of the best music videos i‚Äôve ever seen???? obsessed!,1403,2025-10-05T23:25:18Z,0.094,0.606,0.3,0.6958,positive
@lolmeditando13,lets go for 200million‚ù§,5,2025-11-08T15:42:38Z,0.0,1.0,0.0,0.0,neutral
@BadBoy-cb4fv,"THE LOOKS 
THE CHOREOGRAPHY 
THE DANCERS
TAYLOR OFFICILLY MADE HER BEST MUSIC VIDEO EVER OMG",589,2025-10-06T06:37:48Z,0.0,0.769,0.231,0.6369,positive
@K-Isles1989,"Her referencing all the Showgirls who had tragic endings, I see Marilyn Monroe and it really just made me realize some of these Showgirls were our modern Ophelias, Taylor just had a much better support especially from family ü•∫ü•∫",413,2025-10-05T23:09:52Z,0.07,0.798,0.131,0.3818,positive
@HesterSteele,Did anyone notice when you pause the video the icon that shows you where you are in the video as far as time is an orange door opened!!!! I swear she is so freaking brilliant!!,570,2025-10-11T15:21:34Z,0.146,0.755,0.099,0.3464,positive
@fatanehfouroudi1385,"With orange hair in the ship , she is look like the girl play in POLDARK series.üß°",1,2025-11-08T17:24:21Z,0.0,0.741,0.259,0.5994,positive
@coolcatjennie26,Thank you Taylor for reminding women and men everywhere to be authentic to themselves and hold out for someone who loves and respects you.,303,2025-10-05T23:33:00Z,0.0,0.712,0.288,0.8176,positive
@hxathxr,I love how she shows what it means to be a ‚Äúshowgirl‚Äù in each era of time. Such genius,1937,2025-10-06T18:37:24Z,0.0,0.792,0.208,0.6369,positive
@englishgirlforever,That music video made the entire cinema speechless. Taylor dropped a masterpiece ‚ù§Ô∏è‚Äçüî•,915,2025-10-04T18:51:10Z,0.0,0.728,0.272,0.6249,positive
@Tuckrzrrider,I love all the patterns on the railings,2,2025-11-08T17:13:02Z,0.0,0.588,0.412,0.6369,positive
@BriForReal93,This is ‚ÄòTHE‚Äô anthem for any of us who FINALLY found ‚Äòtheir person‚Äô after the nonsense before hand ‚ù§ what a love story.,647,2025-10-06T05:30:15Z,0.096,0.641,0.263,0.6908,positive
@thepolishlatina,I love how the dancers from the Eras tour are here. ‚ù§ She protects the family,763,2025-10-06T06:07:14Z,0.0,0.649,0.351,0.7579,positive
@LolesPG,"Dear TAYLOR SWIFT, please never stop creating songs as amazing as this one.",485,2025-10-05T23:48:03Z,0.086,0.318,0.596,0.8816,positive
@Aadyapotterhead4ever11,Imagine hearing this again 10 years later üò≠‚ù§,10,2025-11-08T02:34:42Z,0.0,1.0,0.0,0.0,neutral
@ktcnfld,"I think the mere fact that she used all of her Eras tour back up dancers for her video shows that my girl is loyal, and everybody that ever worked for her has nothing but positive things to say, and they usually stay working with her for years and years.I loved recognizing so many of the dancers. They‚Äôre all so talented and beautiful.",281,2025-10-06T19:18:04Z,0.049,0.713,0.238,0.9526,positive
@arn_otarie,"I saw it in theater and honestly, it deserves all the awards for best music video next season.... i'm speechless ‚ù§Ô∏è‚Äçüî•",970,2025-10-04T13:00:03Z,0.0,0.625,0.375,0.8807,positive
@carlosjperez739,"Honestly this has got to be my favorite Taylor swift video, it is so well referenced and directed; love the transitions and both the references to the Ophelia painting, ending with her own version with eyes wide open. This is a win.",985,2025-10-06T13:07:20Z,0.0,0.654,0.346,0.9555,positive
@veronicaisi6151,It‚Äôs just perfect. Every second feels like pure magic. Taylor created a masterpiece.‚ù§Ô∏è‚Äçüî•‚ù§Ô∏è‚Äçüî•‚ù§Ô∏è‚Äçüî•,3,2025-11-08T15:32:42Z,0.0,0.523,0.477,0.802,positive
@KirKaizen,That last scene is so iconic!,162,2025-10-06T04:57:01Z,0.0,1.0,0.0,0.0,neutral
@melaniepenelope_,I'm so happy she's happy and returning to her roots with fairytale themes <3333333 The looks in this video are freakin dynamite!,904,2025-10-12T03:29:03Z,0.0,0.656,0.344,0.8744,positive
@nicoleprata3167,"Seeing her now, so carefree, happy, and finally at peace with her body after everything she went through during the 1989 World Tour, almost brings me to tears. Looking back at those photos and videos, I realize only now the struggle she was facing and how cruel social media was from calling her 'too skinny, like a stick' to 'she‚Äôs let herself go, she‚Äôs put on weight. It just proves that no matter how much you change, people will always find a way to judge and tear you down. That‚Äôs why it‚Äôs up to you to ignore them and start loving yourself in the way that feels right for you",351,2025-10-05T23:25:23Z,0.1,0.755,0.145,0.7763,positive
@yukilufpink,Addictive. Still is. Will forever be,7,2025-11-08T10:21:44Z,0.0,1.0,0.0,0.0,neutral
@gmarnic16,"I love how when Taylor became more involved in directing and producing her work, her visuals became more and more creative. Her creativity in music and lyrics transcended into her visuals and i love it! Its so playful and artsy",589,2025-10-07T12:59:01Z,0.0,0.638,0.362,0.9626,positive
@andy07.r,THIS SONG WILL EXPLODE THE ENTIRE YOUTUBE üòÜüòÜ,2312,2025-10-05T22:28:54Z,0.0,1.0,0.0,0.0,neutral
@Layla-jn7bq,IVE LITERALLY JUST NOTICED THE OSCAR ON THE FLOOR NEXT TO THE BATHTUB AT THE END‚Ä¶. her eye  for detail is out of this world I swearrrr ‚ù§Ô∏è‚Äçüî•‚ù§Ô∏è‚Äçüî•‚ù§Ô∏è‚Äçüî•‚ù§Ô∏è‚Äçüî•,241,2025-10-06T01:03:05Z,0.0,1.0,0.0,0.0,neutral
@JustDanceBeyblade,One of my favorites!! ‚ù§‚ù§‚ù§,3,2025-11-08T16:20:54Z,0.0,0.542,0.458,0.5242,positive
@cheekyramen,"As someone who was a teenage fan when she released Love Story, and now as an adult hearing The Fate of Ophelia, it healed something in me",361,2025-10-06T00:01:36Z,0.0,0.787,0.213,0.7579,positive
@EmoryS-g7m,"‚ÄúIf you never found me, I might‚Äôve drowned in the melancholy‚Äù WHAT A LINE!!!!! Ms. Swift, you never fail to amaze me",383,2025-10-05T23:34:47Z,0.277,0.56,0.163,-0.6449,negative
@wailinglikeanimbecile,"i saw in the cinema, and yall, it was JAW DROPPING AND AMAZING as always!! i love this era and this album so much",500,2025-10-05T18:15:23Z,0.0,0.682,0.318,0.8838,positive
@veronicaisi6151,"Which era is your favorite?! üíñ Honestly, it‚Äôs basically impossible ‚Äî every single one is iconic and perfect in its own way!!üß°üß°üß°",3,2025-11-08T15:58:59Z,0.0,0.704,0.296,0.8213,positive
@Suki-s4c,"I‚Äôm not a swiftie but I cannot help rooting for this lady. She is just so talented, kind, real and absolutely stunning. She is one of the best role model for younger generations. I‚Äôm so happy my daughter has her to look up to.",205,2025-10-10T22:12:38Z,0.044,0.545,0.411,0.9822,positive
@Nymphinia99,Whichever staff member originally recommended the idea of putting this in theaters deserves a bonus cause experiencing this in theaters was absolutely amazing. Shout out to them and the entire team that worked on this cause the work is amazing :),708,2025-10-05T23:00:40Z,0.0,0.68,0.32,0.9476,positive
@cheddarandsourcream,As a guy who‚Äôs never been a big Taylor Swift fan I can say this song is an undeniable bop and the best song I‚Äôve personally heard from her.,530,2025-10-26T18:13:32Z,0.0,0.735,0.265,0.8074,positive
@Kenducks,Taylor Swift is the music industry,3,2025-11-08T17:43:32Z,0.0,0.735,0.265,0.2023,positive
@celinekasim,This might be one of her best mvs hands down,309,2025-10-06T04:32:33Z,0.0,0.682,0.318,0.6369,positive
@RedbitRedbitGoldx,"It doesn't matter! Whether you're happy, sad, or depressed... Taylor Swift... always has a video or song for you.",830,2025-10-06T16:50:23Z,0.193,0.648,0.16,0.2066,positive
@AnaLuisa-xi3lm,"omg, the Last part when she dances with her band so ""we are never getting back together"" coded",597,2025-10-06T11:20:07Z,0.0,1.0,0.0,0.0,neutral
@lesleyk3793,can we have a moment for the choreography?! the dancers never heard the song they‚Äôre dancing to and every movement matches every beat. that‚Äôs incredible ‚ù§,217,2025-10-06T00:20:38Z,0.0,1.0,0.0,0.0,neutral
@veronicaisi6151,"It‚Äôs so perfect. I‚Äôm addicted to it. The visuals, the lyrics, the emotion ‚Äî everything is pure magic. Taylor outdid herself once again. I can‚Äôt stop watching and listening, it‚Äôs truly a masterpiece.‚ù§Ô∏è‚Äçüî•‚ù§Ô∏è‚Äçüî•‚ù§Ô∏è‚Äçüî•",2,2025-11-08T15:29:13Z,0.061,0.748,0.191,0.6901,positive
@carasmerita,"The nod to ""we r never getting back together"". The reputation outfit ""dressed"" up;  This song showcases all of her ""eras"" as a showgirl. Also our Taylor is full of colour again!!!! U can FEEL how happy she is",774,2025-10-05T23:51:29Z,0.0,0.878,0.122,0.7067,positive
@ARS850H,I can see why she has such a huge following. This song made me feel like i was crusing on the highway with the windows down while the sun is setting behind me,490,2025-10-08T23:43:31Z,0.0,0.854,0.146,0.5859,positive
@HorseThing6767,"The MV, the dancing, the looks, the choreography... everything is PERFECT! Taylor Swift never disappoints",254,2025-10-05T23:13:30Z,0.0,0.579,0.421,0.8275,positive
@bgtsfreds,This song just brings happiness!,3,2025-11-08T17:56:35Z,0.0,0.507,0.493,0.5983,positive
@yara5502,"Perfect MV!!!!! My sister is a dancer and said it is genius because it alludes to a very specific gogo style 70¬¥s era of dancing. The video takes you through eras of performing. From the OG visual art, to shakespearean live theater, vegas showgirl, 30¬¥s showgirl and nautical choreo.",283,2025-10-05T23:12:12Z,0.0,0.904,0.096,0.7067,positive
@taybrinafan13,Dare I say this is her best MV?!!‚ù§Ô∏è‚Äçüî•‚ù§Ô∏è‚Äçüî•,344,2025-10-05T22:01:27Z,0.0,0.556,0.444,0.6988,positive
@NewLans14,"It's giving ""We Are Never Getting Back Together"" mv, 
you know like the scenes changing continuously and it all feels like it's in one take, and i absolutely love it!!!",440,2025-10-05T23:09:22Z,0.0,0.662,0.338,0.9148,positive
@Caligirl56,I am OBSESSED with this song!!! FABULOUS productionüíúüíúüíú,10,2025-11-07T19:28:15Z,0.196,0.402,0.403,0.5538,positive
@camposjohnmichael6640,The way she maximized the Eras Tour dancers in this MV is so lovely to watch ü•πüòç,109,2025-10-06T00:04:56Z,0.0,0.767,0.233,0.7065,positive
@TheOgreMan,I think people are finally coming around to the album after all that discourse on Friday.  This album is grower and gets better with each listen,91,2025-10-06T01:02:15Z,0.0,0.892,0.108,0.4404,positive
@lazer4089,DARE I SAY MUSIC VIDEO OF THE YEAR (Saw it in the cinema and my jaw DROPPED),1707,2025-10-05T21:47:58Z,0.0,1.0,0.0,0.0,neutral
@gods_angel.__x,103M views lets go 200M ‚ù§üéâ,7,2025-11-07T09:40:07Z,0.0,1.0,0.0,0.0,neutral
@astrum4373,Seeing how she went from The Prophecy to The Fate of Ophelia is extremely beautiful <3 I love how she's so happy now.,123,2025-10-05T23:15:07Z,0.0,0.521,0.479,0.9557,positive
@alaminkf1989,A masterpiece like this shouldn‚Äôt end üò≠,456,2025-10-06T04:11:10Z,0.0,0.312,0.688,0.765,positive
@sherrih6375,"Taylor Swift is that rare beauty that can be stunning in every outfit, every hair style and hair color. This is brilliant and I am 65 years old, certainly not her target audience, but I am so impressed with her anthem here. ‚ù§",486,2025-10-06T08:15:48Z,0.0,0.691,0.309,0.9215,positive
@veronicaisi6151,106 Million views ‚ù§Ô∏è‚Äçüî•‚ù§Ô∏è‚Äçüî•‚ù§Ô∏è‚Äçüî•,3,2025-11-08T15:27:30Z,0.0,1.0,0.0,0.0,neutral
@nowthisisloneka1408,"If this music video doesn‚Äôt win music video of the year?????? ILL COME FOR THEM, ILL START A RIOT",476,2025-10-03T21:32:28Z,0.41,0.464,0.126,-0.8611,negative
@bruna-oc1nw,"This music video is so well produced,  can't wait to see what she will do with Sabrina!!",492,2025-10-05T22:26:33Z,0.0,0.828,0.172,0.5147,positive
@ChriselgineMinas,This music takes over Asia for real ‚ù§,4,2025-11-08T16:40:03Z,0.0,1.0,0.0,0.0,neutral
@Lady_Nebula,The picture of Travis on the mirror at the beginning is seriously adorable,224,2025-10-06T04:22:22Z,0.107,0.692,0.201,0.3612,positive
@andiedreamer,"as a swiftie who's been here since fearless era and pretty much has absolutely ADORE all of her visual concepts and MVs for each album and era, I can't help but to feel still that this is the best music video she's ever done, especially considering she's been directing them and writting them herself, I am just in absolute awe! Also, the fact that this video perfectly has that contrast between the classic and modern themes that the songs and lyricism in the album use so much too is just PERFECT, I love it and I love you so much Taylor!",354,2025-10-06T00:19:50Z,0.013,0.694,0.293,0.9907,positive
@thusphongpatcharapiriyacho3432,Can‚Äôt deny this MV is flawless,208,2025-10-06T02:09:21Z,0.247,0.412,0.34,0.2263,positive
@Newchapter-1902,Trying not to be Taylor's fan is impossible in a million years‚ù§‚ù§‚ù§‚ù§‚ù§‚ù§‚ù§,8,2025-11-07T20:21:02Z,0.0,0.813,0.187,0.3182,positive
@Lundynpwsly,The wigs are EVERYTHING!! Taylor with long red hair was something I never knew I needed!!üò≠üò≠üôå,219,2025-10-06T01:54:15Z,0.0,1.0,0.0,0.0,neutral
@keithmcnamee1129,And this is how you do a music video üî•,260,2025-10-06T11:10:21Z,0.0,1.0,0.0,0.0,neutral
@emillylopezjara6559,THE best music video she has ever ever done. Masterpiece!,396,2025-10-06T02:43:50Z,0.0,0.482,0.518,0.8622,positive
@NOONE-pk4dm,Not a fan but her visuals is insanee she‚Äôs so beautiful,6,2025-11-08T06:41:41Z,0.09,0.486,0.424,0.8179,positive
@EphraimDaoust,"She's an icon, she's a legend, she is the moment, like......it's Taylor Swift!",197,2025-10-03T21:14:24Z,0.0,0.84,0.16,0.2714,positive
@giselmaria8312,"I saw Raye, I saw Chapelle, I saw Florence, I saw Sabrina and a hint of Christina with the voice of Taylor.",134,2025-10-06T00:24:29Z,0.0,1.0,0.0,0.0,neutral
@vleek07,So wild that all of the dancers only heard the click track while rehearsing and filming so that the song could remain private. üß°,151,2025-10-06T00:30:40Z,0.0,1.0,0.0,0.0,neutral
@AGbuteraofficial,"I don‚Äôt listen to Taylor, but I really like this one. It‚Äôs been stuck in my head",5,2025-11-08T04:45:22Z,0.13,0.677,0.192,0.2936,positive
@carldeshazer7946,"I've enjoyed her since she was into country music and now this. She is just so talented, I'm hooked, I'm proud to call myself a 74-year-old Swifty Fan. My wife loves her too.",933,2025-10-06T01:46:14Z,0.0,0.619,0.381,0.9489,positive
@Thyna85,"already saw this in cinema, and dangggggg i can‚Äôt wait till it‚Äôs out
edit: guys we‚Äôre so close to 767 likes!üòÇ",813,2025-10-05T22:26:20Z,0.0,1.0,0.0,0.0,neutral
@Mr.PerfectlySwift,"‚ÄúKeep it 100 on the land, the sea, the sky, pledge allegiance to your hands, your team, your vibes‚Äù one of the best melodies of Taylor career and this video is a masterpiece‚ù§Ô∏è‚Äçüî•",854,2025-10-05T23:00:28Z,0.0,0.881,0.119,0.6369,positive
@opheliamaestro,I love Taylor ‚ú®Ô∏è,3,2025-11-08T15:57:06Z,0.0,0.323,0.677,0.6369,positive
@chrispix61,"I'm a hard rock drummer, I caught part of this in an Instagram snippet posted, and I had to go searching for this song, it is one of the catchiest things I've ever heard",353,2025-10-10T09:41:13Z,0.045,0.955,0.0,-0.1027,negative
@vil8604,"from painting to popstar, she did a homage for every showgirl's journey.",783,2025-10-06T13:53:24Z,0.0,1.0,0.0,0.0,neutral
@noorahnn376,She literally looks like a renaissance painting!!,560,2025-10-06T04:19:04Z,0.0,0.619,0.381,0.4738,positive
@veronicaisi6151,Taylor. Wow. Every hairstyle and hair color looks absolutely amazing on you! üòç‚ú®üíñ,2,2025-11-08T15:57:07Z,0.0,0.573,0.427,0.8475,positive
@mfl3765,So much symbolism in this video of how she's been treated through the years in her professional life and how she's come through the other side. Love this song,295,2025-10-14T03:40:07Z,0.0,0.87,0.13,0.6369,positive
@immarussian2722,Saw it in theaters and I think it might be her best music video yet ü•π,467,2025-10-05T15:38:33Z,0.0,0.756,0.244,0.6369,positive
@ethanchadwick1104,Jason and Travis brought me here. It‚Äôs taken 12 albums to be here. The melodies and beats to this album are so catchy. Hope it‚Äôs not to late to join the fandom,368,2025-10-07T19:58:25Z,0.0,0.848,0.152,0.6573,positive
@JaFranek,Max Martin you still got this!!!,3,2025-11-08T15:44:00Z,0.0,1.0,0.0,0.0,neutral
@VictorrSantoss-u2u,"I'm not a fan of Taylor Swift, but this song stuck in my head, I listen to it almost every day",672,2025-11-01T16:18:20Z,0.186,0.748,0.065,-0.3779,negative
@EditedByEyekons,Its been only 8 days... IM ALREADY SO OBSESSED WITH THIS SONG.,534,2025-10-14T12:14:10Z,0.257,0.743,0.0,-0.536,negative
@rosesnwines-q8d,THAT LITTLE ORANGE DOOR ON YOUTUBE'S VIDEO DURATION BAR !!!! üß°üß°üò≠üò≠,240,2025-10-06T06:27:03Z,0.0,1.0,0.0,0.0,neutral
@patty5676,This is absolutely fantastic,7,2025-11-07T19:21:50Z,0.0,0.435,0.565,0.5984,positive
@sebastiancaro1618,I just know Taylor was soo proud of herself for catching that football üèà you already know she wanted that part in there soo bad and probably rehearsed so much for it üôåüèº she‚Äôs literally awesome the definition of legendary.,190,2025-10-06T03:08:30Z,0.077,0.766,0.158,0.5719,positive
@RC-ol7qh,"Am no Taylor Swift fan but honestly this girl works for her money.
I love this tune - well thought out lyrics. Loving it all the way from England. üî•üî•üëèüèæüëèüèæ",309,2025-10-21T19:29:55Z,0.037,0.483,0.48,0.965,positive
@MelissaBibza,The video makes the song so much better,261,2025-10-06T21:28:42Z,0.0,0.688,0.312,0.4902,positive
@cara_tiernan11,Just watched it in the cinema oh my goodness one of her best music videos ever made!!‚ù§Ô∏è‚Äçüî•‚ù§Ô∏è‚Äçüî•,469,2025-10-03T21:05:39Z,0.0,0.658,0.342,0.8309,positive
@1568-n3o,"Believe me this is masterpiece..
Wake me up when it hits billions..",195,2025-10-06T03:08:53Z,0.0,1.0,0.0,0.0,neutral
@chocolategiraffe,This song got 31 million streams in its first DAY on Spotify. Taylor is literally on another level,124,2025-10-06T00:29:51Z,0.0,1.0,0.0,0.0,neutral
@MR-df6fe,"Dang it. Welp gotta admit this song is catchy. After a decade of not being a fan, here I am lmao.",9,2025-11-07T16:44:27Z,0.087,0.662,0.252,0.5773,positive
@Netanell,"It doesn‚Äôt matter if you‚Äôre a fan of Taylor Swift or not, this song is a masterpiece.",721,2025-11-06T15:08:21Z,0.0,0.542,0.458,0.8074,positive
@MissRepas24,"Anyone noticed in the first hotel scenario, the painting on the top of the stairs, behind the chandeleer, is of her and max martin and shellback?",166,2025-10-06T07:39:19Z,0.0,0.933,0.067,0.2023,positive
@Noorove,The storytelling feels like watching a painting come alive‚Ä¶ only Taylor can do this ‚ù§üî•,293,2025-10-06T05:14:09Z,0.0,0.839,0.161,0.3612,positive
@terrancemorrisey7723,I love my ol school hip hop but this jam here has become. One of my top 10's to listen to.....congratulations Taylor and Travis on the engagement üíç üòä,10,2025-11-07T18:38:15Z,0.0,0.723,0.277,0.8316,positive
@kirschestrahl7734,‚ú® I love how she transitions through different time periods‚Äîdifferent Ophelias across eras. It feels like she‚Äôs a time traveler weaving through history. Pure magic <3 ‚ú®,308,2025-10-06T00:43:56Z,0.0,0.676,0.324,0.8625,positive
@annamariamott3080,"I‚Äôm not a Taylor swift fan, I don‚Äôt like most of her songs, but for the first time I‚Äôve loved a song by her, this song is so catchy and genius!!",178,2025-10-06T19:56:03Z,0.081,0.696,0.223,0.785,positive
@LastMinuteSuggestions101,The foot ball catch Easter egg was so cyuuute,411,2025-10-06T01:48:08Z,0.0,1.0,0.0,0.0,neutral
@vanilla_ckookies_are_so_sweet,"She's all - Red Rose
 					- Snow White
					- Opelia
					- Cinderella",6,2025-11-07T03:07:16Z,0.0,1.0,0.0,0.0,neutral
@mistyashcraft2149,Did anyone else notice that the thing that tells you where you are in the video is an orange door? üòä,275,2025-10-06T22:18:20Z,0.0,1.0,0.0,0.0,neutral
@thisismeandmystory,"Non Swiftie here (don't come for me). This is by far one of the best videos and songs I've heard in some time. It gives the artistry of Bowie, Gaga, Gwen Stefani, and Elizabeth Taylor but in one video.   Kudos to one of the smartest business women who happens to sing and have an excellent creative mind.",306,2025-10-06T00:15:53Z,0.0,0.708,0.292,0.9734,positive
@ZJoshuaZBarberZ,"""Drowning In Melancholy"" simple but impactful lyric. üß°",91,2025-10-05T23:10:45Z,0.245,0.755,0.0,-0.2382,negative
@TrendDropOfficial,"The most PERFECK üòç BEAUTIFUL and natural PERSON I ever seen. Her vibes, her eyes SMILEüòçüåà",4,2025-11-08T03:15:49Z,0.0,0.618,0.382,0.8132,positive
@szymonnietubyc11,"Everyone keeps writing about great scenery and performances but lets be honest, the melody is the main reason this song is so catchy and has so many views",211,2025-10-20T20:37:35Z,0.0,0.788,0.212,0.7906,positive
@magriborius.9881,"What an impressive music video. Spectacular script, staging, choreography, and costumes. Not to mention the rhythm, lighting, and how well it adapts to the music. A level of quality rarely seen.",225,2025-10-17T14:18:31Z,0.0,0.838,0.162,0.6597,positive
@alecsgerswincarillo5848,"ATTENDANCE CHECK, SWIFTIES ‚ù§‚ù§",2,2025-11-08T18:04:26Z,0.0,1.0,0.0,0.0,neutral
@dylandaiya,did she put something addictive in this song? I can't stop listening ,217,2025-10-06T02:13:15Z,0.0,0.841,0.159,0.2235,positive
@laurenbates491,2:56 love the detail of the chalkboard behind her being the first letter of the words of each track with its corresponding number,219,2025-10-05T23:14:31Z,0.0,0.792,0.208,0.6705,positive
@__stalloneyaunce,"Keep it one hundred on the land (land), the sea (sea), the sky
Pledge allegiance to your hands, your team, your vibes ü©∞üíÉüèøüï∫üèøü™≠‚ù§Ô∏è‚Äçüî• (this part hits me) üß°",139,2025-10-06T01:37:12Z,0.0,1.0,0.0,0.0,neutral
@mahnooorzahra,"let us make it hit streams upto 200M this month!!!! cuz this deserves as it associates with art of ophelia's story, better than clueless songs nowadays.",6,2025-11-07T15:25:49Z,0.082,0.785,0.133,0.3753,positive
@LaserBadler,I don‚Äôt own a single Taylor Swift album and I just wandered in here out of curiosity but this song is so beautiful and melancholic and uplifting‚Ä¶‚Ä¶.,236,2025-10-08T20:50:19Z,0.059,0.672,0.269,0.8196,positive
@ml7031,This video is incredible and really shows how much Taylor has been developing her directing skills. Deserves the Grammy without a doubt,278,2025-10-05T23:01:19Z,0.0,0.905,0.095,0.2755,positive
@CedragonMusic,2:54 you can see the album track initials on the wall üò±,223,2025-10-05T23:13:47Z,0.0,1.0,0.0,0.0,neutral
@urvidedhia8628,THIS IS LIKE THE BEST FUSION OF ALL HER MUSIC VIDEOS SO FAR IM IN LOVE,112,2025-10-06T04:02:51Z,0.0,0.544,0.456,0.8979,positive
@tiffyp2192,Her being with all of her eras tour back up dancers making me emotional,279,2025-10-06T06:57:27Z,0.0,0.89,0.11,0.1531,positive
@DarilynnVanhell,"The outfits ‚ù§Ô∏è‚Äçüî•
The sets ‚ù§Ô∏è‚Äçüî•
The music‚ù§Ô∏è‚Äçüî•
Taylor ‚ù§Ô∏è‚Äçüî•‚ù§Ô∏è‚Äçüî•‚ù§Ô∏è‚Äçüî•",190,2025-10-06T02:42:11Z,0.0,1.0,0.0,0.0,neutral
@ivanhoe1chlupik799,Amazing song and amazing women.,5,2025-11-07T20:29:26Z,0.0,0.283,0.717,0.8225,positive
@MillyMaxgen,I JUST SAW IT AT THE RELEASE PARTY AND I CAN PROMISE TO YOU ALL ITS PERFECTION,129,2025-10-03T21:11:27Z,0.0,0.58,0.42,0.8271,positive
@wallszymusic,Taylor looks better than ever. Travis is the luckiest man on the planet.,190,2025-10-06T13:12:17Z,0.0,0.618,0.382,0.7783,positive
@kathrynclayton9239,I‚Äôm 51. She finally got me. This is brilliant.,834,2025-10-23T22:42:55Z,0.0,0.678,0.322,0.5859,positive
@wongyiuyu9284,I can watch all Taylor Swift music videos for the whole day because all are so beautiful and fond of TSüòçüòçüòçüòçüòç‚ù§Ô∏è‚ù§Ô∏è‚ù§Ô∏è‚ù§Ô∏è‚ù§Ô∏è,1,2025-11-08T17:27:16Z,0.0,0.631,0.369,0.8737,positive
@LanaKenz13,"GUYS! When you pause it, the little thing that shows you how far you‚Äôve watched, it is a little karma door!",148,2025-10-06T07:07:19Z,0.0,1.0,0.0,0.0,neutral
@shahbodshirdely9783,"honestly, best taylor swift music video everrrrüò≠üò≠üò≠ü•πüòç",324,2025-10-06T03:39:30Z,0.0,0.308,0.692,0.8402,positive
@joywitpeace,"This might become one of my all time favorite Taylor‚Äòs music videos. The mix of upbeat rhythm with such deep sorrow and melancholy is just... overwhelming ‚Äî it moved me to tears.
It‚Äôs so cinematic, beautiful, and symbolic ‚Äî feels like watching a full-on musical film. This music video truly deserves every bit of praise it gets. üé¨üíî‚ú®",122,2025-10-05T23:17:35Z,0.115,0.658,0.227,0.8393,positive
@IsabelleLauraoffical,105M VIEWS GUYS WE DID IT! ‚ú®‚ú®,3,2025-11-08T06:51:28Z,0.0,1.0,0.0,0.0,neutral
@felixarturo2011,"I‚Äôm not  swifty  ,but I need to admit she‚Äôs incredible talented artist and this song is a master piece like many others",171,2025-10-06T21:57:55Z,0.0,0.632,0.368,0.872,positive
@Popickdra,"13 million views in 24 hours, it wouldn‚Äôt be a Taylor Swift song without the number 13 appearing",1076,2025-10-06T22:57:42Z,0.068,0.832,0.1,0.1476,positive
@harperreeves1,3:10 this fit omg gorg,76,2025-10-06T06:34:10Z,0.0,0.615,0.385,0.3612,positive
@favourorji,"HR: how has work been this week?
Me: Submits the Bandaids MV üòÖ",2,2025-11-07T08:55:05Z,0.0,1.0,0.0,0.0,neutral
@Caylee,We need this video in 4k!! 1080p doesn't do it justice üò≠,85,2025-10-06T19:57:20Z,0.251,0.749,0.0,-0.5204,negative
@samanthaford5114,Loving the reference to her grandmother in naming the showgirl Kitty Finlay ‚ù§,150,2025-10-06T23:09:53Z,0.0,0.738,0.262,0.5994,positive
@zaynified-r8y,This song is amazing love you Taylor Swift,2,2025-11-08T18:07:57Z,0.0,0.338,0.662,0.8689,positive
@RedbitRedbitGoldx,The scenes??? The actors??? The costumes??? The visual??? The song??? The music video??? The colors??? The choreography??? The clothes??? The voice??? Taylor Swift??? The story??? EVERYTHING IS PERFECT TAYLOR SWIFT NEVER DISAPPOINTS.,953,2025-10-06T16:01:03Z,0.0,0.692,0.308,0.9091,positive
@glendapatterson13,"3:51 I love the music video and this song. Also, this is the bathtub she was in, and her bejeweled outfit and jewelry items for when she did the photo album cover of the life of a showgirl! ü©µ",363,2025-10-05T23:28:25Z,0.0,0.886,0.114,0.6696,positive
@MiguelHernandez-eb6dl,What a thrill to hire his dancers from the eras tour‚ù§Ô∏è‚ù§Ô∏è‚ù§Ô∏èü´∂üèª,4,2025-11-08T00:49:18Z,0.0,0.783,0.217,0.3612,positive
@RedbitRedbitGoldx,It's a real work of art! This MV ‚ù§.0:12,2566,2025-10-03T21:41:57Z,0.0,1.0,0.0,0.0,neutral
@RedbitRedbitGoldx,Every time someone likes this comment i check it again!,46135,2025-10-04T02:32:59Z,0.0,0.721,0.279,0.4753,positive
@a.random.kittyy,Someone listening today?,4,2025-11-08T15:58:03Z,0.0,1.0,0.0,0.0,neutral
@ElizabethOmagbemi-u5l,"One thing about her is that she knows how to evolve she keeps changing, giving us something new. Love the colour the costume the imagery",132,2025-10-07T07:14:23Z,0.0,0.777,0.223,0.765,positive
@Shan-jb6ph,this is one of my favorite music videos by her‚Ä¶ i love the references to the real Ophelia,126,2025-10-06T02:04:59Z,0.0,0.676,0.324,0.802,positive
@artakat8099,I love how she used her Eras team!! The dancers!! They are incredible!,68,2025-10-11T02:55:24Z,0.0,0.672,0.328,0.7482,positive
@veronicaisi6151,"All the Grammys, VMAs, and every other award belong to her for this masterpiece. üèÜüíñ‚ù§",1,2025-11-07T09:48:35Z,0.0,0.608,0.392,0.8546,positive
@LusineKalashyan,Her best mv yetüò≠üò≠üò≠ I just LOVE this woman ‚ù§Ô∏è,94,2025-10-06T07:38:36Z,0.0,0.434,0.566,0.8788,positive
@sandrarehle1221,"It was sooooo extraordiniary watching it for the first and second time on the big screen in the cinema and I thought: 'How can I ever see it on a little screen?' Love it so much! 
üòçü§©",212,2025-10-06T10:49:43Z,0.0,0.887,0.113,0.6386,positive
@fluffykijgs1233,"Who's here before 100 million??

EDIT: YOUTUBE PLEASE MAKE THIS COMMENT TRENDING AGAIN SINCE THIS MASTERPIECE IS ABOUT TO HIT 100 MILLION! LET'S MAKE THIS HAPPEN RIGHT NOW! SWIFTIES FOREVER!",2756,2025-10-21T18:28:52Z,0.0,0.755,0.245,0.8779,positive
@gods_angel.__x,One of her best albums ‚ù§,2,2025-11-07T09:38:23Z,0.0,0.488,0.512,0.6369,positive
@prudencekrasofski2207,I love how she used her dancers and Mandy Moore is an amazing choreograper!!!,61,2025-10-06T01:37:33Z,0.0,0.553,0.447,0.8713,positive
@vibegoat-w5y,"This girl has never taken a break from music, she's been releasing every couple of months since she started",352,2025-10-21T14:45:36Z,0.0,1.0,0.0,0.0,neutral
@Eden-o3i,i absolutely love how all her albums covers are the scenes that make up this song it‚Äôs sooo creative ü©∑ü©∑ü©∑ü©∑ü©∑,63,2025-10-06T00:42:01Z,0.0,0.697,0.303,0.8122,positive
@GenremixStudio-ai,The single-take filming and editing techniques are absolutely incredible. Taylor really is something.,0,2025-11-07T08:50:56Z,0.0,1.0,0.0,0.0,neutral
@jc2685,"This song is one of the catchiest songs Taylor has ever made.
Then, she came out with one of the most amzing music videos ever made. I'm not even a huge Swifty fan",319,2025-11-03T22:17:36Z,0.057,0.876,0.067,0.0869,positive
@kiddgoldson,"I have to admit, I'm not a big Taylor Swift fan, This woman is a legend. She deserves her flowers right now!!!!",318,2025-10-16T14:03:25Z,0.07,0.7,0.23,0.5684,positive
@deadpool6072,THIS IS ONE OF HER BEST MVs!,87,2025-10-06T04:48:25Z,0.0,0.535,0.465,0.7371,positive
@QuizMinerr,I'm sure that in 5 years it will reach 1 billion views.üéâ,2,2025-11-07T07:48:14Z,0.0,0.702,0.298,0.34,positive
@narunde,whos here before 100 million?,3319,2025-10-10T19:40:56Z,0.0,1.0,0.0,0.0,neutral
@eviehemingway7892,absolutely obsessed with this!!! the musical aspect is everything,129,2025-10-06T14:48:57Z,0.264,0.736,0.0,-0.4346,negative
@andy07.r,GREATEST BIRTHDAY GIFT FOR TRAVIS!!,400,2025-10-05T22:22:10Z,0.0,0.281,0.719,0.8264,positive
@shellyortiz1977,She's a genius her voice the lyrics......great music,2,2025-11-08T06:23:38Z,0.0,1.0,0.0,0.0,neutral
@Craolaaaa,"The fate of Ophelia is a career highlight for her. The melodies, the sound, the chorus, the music video, literally a masterpiece! Thank you Taylor for giving me another song to be obsessed with for the next decade üòÇ",422,2025-10-06T03:48:28Z,0.038,0.698,0.263,0.8748,positive
@LeonardoLima-r9q,This era of taylor is very wonderful.,69,2025-10-12T02:32:49Z,0.0,0.6,0.4,0.6115,positive
@sushicat313,I‚Äôve never rewatched a music video as much as I‚Äôve rewatched this one,247,2025-10-06T17:41:03Z,0.0,1.0,0.0,0.0,neutral
@gods_angel.__x,Let's make this video a global top music video ‚ù§,2,2025-11-07T09:39:17Z,0.0,0.795,0.205,0.2023,positive
@jashley777,"Taylor explained how her music was so top secret at the time of filming this video that no one was actually dancing to music. Mandy Moore the choreographer, used a specific count per move to stay inside the beat of the song!Amazing!! This video is a masterpiece. ‚ù§üéâ",253,2025-10-29T18:06:55Z,0.042,0.818,0.14,0.7304,positive
@Billie-f9w,"It's like a ""see you"" vibe. I thought it would be like ""I hate being here"" or ""cardigan,"" but this is even better.",77,2025-10-06T00:52:16Z,0.088,0.637,0.275,0.6124,positive
@Laura-mi3nv,"Taylor Swift, today a man of the Silent Generation became a fan of you because I sent him this.  You hit all his buttons with the old school showgirl stuff.  He's 81 and was born in 44, but has always had a thing for the classic 30's movies and, of course, James Bond.  Why haven't you been a Bond girl yet?  Silent Generation fans, that's a beautiful accomplishment!",253,2025-10-07T01:13:28Z,0.0,0.872,0.128,0.8268,positive
@MelienkeWheeler,‚ù§‚ù§‚ù§‚ù§‚ù§‚ù§‚ù§my faf song of the new playlist‚ù§‚ù§‚ù§‚ù§‚ù§‚ù§‚ù§‚ù§‚ù§‚ù§‚ù§‚ù§‚ù§‚ù§‚ù§‚ù§1,6,2025-11-08T16:22:01Z,0.0,1.0,0.0,0.0,neutral
@aquariusken1810,I love when a Taylor Swift album comes out and everyone gets the urge to release an official statement on the matter ‚ú®,132,2025-10-04T11:54:43Z,0.0,0.705,0.295,0.7269,positive
@eiliyahasab110,"Honestly a work of art, GET HER THAT GRAMMY!",258,2025-10-06T15:44:04Z,0.0,0.68,0.32,0.5093,positive
@isthatpanosg5350,I think its the first time in my life that watch a Taylor video SO many times.,631,2025-10-18T23:07:31Z,0.0,1.0,0.0,0.0,neutral
@rocklee3527,Who is watching it right now?,8,2025-11-07T19:33:03Z,0.0,1.0,0.0,0.0,neutral
@leom_13,"Did anyone else notice that at 2:48, the slate says ‚ÄúKitty Finlay?‚Äù

Kitty being a reference to the track The Life of a Showgirl, and Finlay was her grandma‚Äôs last name (Marjorie)",126,2025-10-06T05:07:15Z,0.0,1.0,0.0,0.0,neutral
@SRShelf,"How dare Taylor Swift release this mv in a cinema, NOW I have to include this to the list of things I'm envious about swifties.",84,2025-10-06T02:25:05Z,0.084,0.843,0.072,-0.0772,negative
@garimachaudhary7041,"The hair is just perfection, the wigs are perfection",131,2025-10-06T09:23:56Z,0.0,0.486,0.514,0.8126,positive
@josephsmith7022,For all the hits this might be her best work like her or not she‚Äôs the greatest current entertainer ‚ù§,2,2025-11-08T14:31:14Z,0.122,0.542,0.336,0.7124,positive
@rileyyoung3459,Here I am. Playing this song an unhealthy amount of times just so it can be included in my annual spotify wrap up üò≠üò≠üò≠,141,2025-10-06T02:38:29Z,0.13,0.802,0.069,-0.3818,negative
@gwenisaweirdo,"like the eras tour, this video transitions between different aesthetics rapidly. and in the end, she's alone in a bathtub (like after each show). this album really is just the diary of a popstar and this music video reflects that!",57,2025-10-06T06:38:17Z,0.049,0.883,0.068,0.2003,positive
@Anjojo-f7f,"The transitions, the mood of the setup, the costumes are just ... flawlessü§©",61,2025-10-06T22:39:08Z,0.0,1.0,0.0,0.0,neutral
@Lobster0977,Summer time sadness x Paparazzi,1,2025-11-08T16:15:21Z,0.492,0.508,0.0,-0.4404,negative
@thelifeofashowgirll,Who‚Äôs here again after watching it for the 100th time? üò≠ I‚Äôm so obsessed I can‚Äôt stop ü´∂‚ú®,217,2025-10-06T17:06:14Z,0.252,0.748,0.0,-0.5726,negative
@deborahbosman3648,"Imagine releasing a video and 17 hours later  10 million people have watched it, this level of fame is insane",341,2025-10-06T16:29:38Z,0.119,0.752,0.128,0.0516,positive
@TheMichelleCos,"Can we all take a moment to say how BEAUTIFUL she looks in every character!!!??? 

Also how MESMORISING TAYLOR  is and how she NAILS HER EYE CONTACT WITH THE CAMERA. ABSOLUTELY CAPTIVATING!!!!!!!!! Can't stop watching ‚ù§Ô∏è‚Äçüî•‚ù§Ô∏è‚Äçüî•‚ù§Ô∏è‚Äçüî•‚ù§Ô∏è‚Äçüî•‚ù§Ô∏è‚Äçüî•‚ù§Ô∏è‚Äçüî•‚ù§Ô∏è‚Äçüî•‚ù§Ô∏è‚Äçüî• well done Tay Tay",159,2025-10-11T00:27:56Z,0.0,0.762,0.238,0.9053,positive
@danielasaavedratiria3247,"Si notaron en la parte donde estan las chicas sincronistas, la mano en el salvavidas (flotador) de la chica que tienen vitiligo, se nota que lo hizo a prop√≥sito  como inclusi√≥n, otro pone una mano ""perfecta"" sin disonancia de tono. Fabulosa",2,2025-11-07T12:20:50Z,0.085,0.915,0.0,-0.5574,negative
@Thegoalss,50M? in 5days? Taylor swift's fans never lie!üëë,383,2025-10-11T13:55:19Z,0.0,1.0,0.0,0.0,neutral
@SerenityNow81,I can‚Äôt believe she made each scene in just one take. The accuracy and perfection of everyone in it is unbelievable.,99,2025-10-17T15:32:05Z,0.0,0.766,0.234,0.6705,positive
@PuckychunCTV,"I love how Taylor handles art and the history of women in pop culture, while reinventing her narrative from a place of freedom and female power.",168,2025-10-13T03:58:02Z,0.0,0.724,0.276,0.8555,positive
@thilankajayamal6439,Definitely this will win Grammy....,2,2025-11-07T08:40:21Z,0.0,0.316,0.684,0.7579,positive
@atharvashinde2788,"1:49 Taylor, that squeak is everything",116,2025-10-06T00:37:24Z,0.0,1.0,0.0,0.0,neutral
@JetpackLiamG,3:24 my favorite part ‚ù§Ô∏è‚Äçüî•‚ù§Ô∏è‚Äçüî•‚ù§Ô∏è‚Äçüî•,83,2025-10-05T23:01:00Z,0.0,0.571,0.429,0.4588,positive
@carloryva,this video deserves an art gallery ‚ú®,142,2025-10-06T14:15:54Z,0.0,1.0,0.0,0.0,neutral
@nathalieraimond1522,"Me, myself, i.... üß°",2,2025-11-08T18:00:47Z,0.0,1.0,0.0,0.0,neutral
@VIVIEWHITE,"I have to admit, I‚Äôm not a HUGE fan of Taylor, but damn, DAAAAAMN GIRL. This video was beyond, the song is amazing, now I wanna see if she can do even better with ‚Äúthe life of a showgirl‚Äù with Sabrina.",171,2025-10-06T23:27:55Z,0.141,0.643,0.217,0.6875,positive
@kristamorgan9178,"72 yr old grandma and 5 yr old granddaughter...I think we've become  Swifties! ‚ù§
Love this new song/vid",137,2025-10-07T16:07:15Z,0.0,0.77,0.23,0.6696,positive
@cristythomas3597,Have anyone talked about how when you pause it there‚Äôs an orange door at the button that show your progressüòÆ,356,2025-10-09T23:28:23Z,0.0,1.0,0.0,0.0,neutral
@HaansRaj,This whole album is gonna be so Gatsby Coded!! And I'm down for it ‚ù§,1,2025-11-07T11:10:13Z,0.0,1.0,0.0,0.0,neutral
@dianahernandez4073,I just came from the cinema and I‚Äôm dying to rewatch the videoüò©üò©üò©üòÆ‚Äçüí®,167,2025-10-04T04:48:00Z,0.0,1.0,0.0,0.0,neutral
@jason5179,"Popular opinion: ""The Fate of Ophelia"" is the best song of The Life of a Showgirl",118,2025-10-06T01:50:22Z,0.0,0.65,0.35,0.7906,positive
@cowfucian9725,"""pledge allegiance to your hands, your team, your vibes"" - the fate of Swifties",76,2025-10-06T02:24:19Z,0.0,1.0,0.0,0.0,neutral
@vertbeke7977,An album where every song is a banger... No skips... Remarkable...,3,2025-11-07T14:41:02Z,0.196,0.804,0.0,-0.296,negative
@protap888,"Taylor has done it again‚Ä¶ every frame, every note, every emotion hits so deep. This song feels like a story coming alive ‚Äì absolutely mesmerizing!",97,2025-10-18T16:31:28Z,0.0,0.796,0.204,0.6588,positive
@FakhsvHskjj,The editing is clear and easy to follow This deserves recognition.,60,2025-10-12T17:26:16Z,0.0,0.621,0.379,0.6705,positive
@tonharris3374,Written and Directed by Taylor Swift ü§Øü§Øü§Øü§Ø,171,2025-10-06T02:43:47Z,0.0,0.769,0.231,0.2023,positive
@robnyse,"Wow the bathtub scene is genius, an ode to Ophelia drowning, this is üî•",7,2025-11-06T16:31:27Z,0.0,0.759,0.241,0.5859,positive
@URLOCALKATSEYEFANN,I‚Äôm not a swiftie but I LOVE THIS ITS LITERALLY VIBES üòÖ,150,2025-10-09T09:01:01Z,0.401,0.599,0.0,-0.7481,negative
@HectorCastro-gg2jf,Almost 100k likes and the video hasn't even dropped üòÆ the power of TaylorüíØ,124,2025-10-05T18:41:36Z,0.0,0.826,0.174,0.3657,positive
@vernalearn,"0:24 cameo of Taylor's bread, the real hero of this mv.",162,2025-10-06T03:33:06Z,0.0,0.735,0.265,0.5574,positive
@jonathangee9274,What a great song and video,3,2025-11-08T01:24:56Z,0.0,0.494,0.506,0.6249,positive
@Harley-Quint,Her stylist/s and makeup artists know EXACTLY how to present her in the best light.,594,2025-10-30T16:06:19Z,0.0,0.769,0.231,0.6369,positive
@fru1tas,"Happy 40 Million Views and Counting Taylor Swift's 'The Fate of Ophelia' M/V! 
Congratulations on the most streamed Album this year, Showgirl Taylor! üß°üíö",93,2025-10-10T14:02:16Z,0.0,0.729,0.271,0.8475,positive
@fru1tas,"Happy 80 Million Views and Counting Taylor Swift's 'The Fate of Ophelia' M/V! 
Congratulations on the most streamed Album this year, Showgirl Taylor! üß°üíö",64,2025-10-25T13:47:48Z,0.0,0.729,0.271,0.8475,positive
@t-j9u2i,Super Star by far.,2,2025-11-08T02:16:43Z,0.0,0.435,0.565,0.5994,positive
@Ozzy1322,This music video truly reminds me like the times of 2014 when she put so much effort and released banger of a music videos after another. This is an absolute gem. Literally one of the rarest videos that actually deserved to hit one billion streams on youtube in this decade. Thank you Director Taylor for this bop ‚ùóÔ∏è‚ù§Ô∏è,112,2025-10-10T01:38:15Z,0.0,0.872,0.128,0.7845,positive
@CindyEvens-nh2tm,Holy shit.  Her stylist/s and makeup artists know EXACTLY how to present her in the best light.  Of course she is amazingly beautiful.  And she‚Äôs in love.  We all look better in that light!,55,2025-10-16T03:24:18Z,0.074,0.599,0.326,0.9214,positive
@JM-cu5gy,I love how the last part reminds me so much of the we are never getting back together mv and 3:25 looks so much like her 2013 BMA  22 performance üí£,95,2025-10-06T05:17:20Z,0.0,0.795,0.205,0.7893,positive
@veronicaisi6151,"All the Grammys, VMAs, and every other award belong to her for this masterpiece. üèÜüíñ‚ù§Ô∏è‚Äçüî•",8,2025-11-06T15:40:13Z,0.0,0.608,0.392,0.8546,positive
@dzci6144,it's been two weeks and i'm still obsessed with this song and mv,731,2025-10-21T02:38:31Z,0.124,0.876,0.0,-0.1779,negative
@LolesPG,This is the best example of why TAYLOR SWIFT is still a FABULOUS artist.,63,2025-10-05T23:33:35Z,0.0,0.479,0.521,0.8971,positive
@xGetAlive,I hope she makes a music video for all of the songs this time ü´∂üèº,63,2025-10-06T04:00:13Z,0.0,0.805,0.195,0.4404,positive
@calentaylor2558,I literally cannot let the twins know I fw this kinda pop üò≠ ü•Ä,2,2025-11-08T03:17:56Z,0.0,1.0,0.0,0.0,neutral
@chrispatow,"2:09 IS MY FAVORITE PART, AMAZING JOB üõü",163,2025-10-05T23:07:39Z,0.0,0.377,0.623,0.8506,positive
@zoejony,Damn I have finals and this song is stuck in my head and I can't stop listening to it It's addictive ü§¶‚Äç‚ôÄÔ∏è,64,2025-10-07T06:17:47Z,0.199,0.721,0.08,-0.4238,negative
@Alex_ed1tzz‡ßé,Music video of the year,63,2025-10-06T22:56:56Z,0.0,1.0,0.0,0.0,neutral
@OfficialRiceMuncherr,"Never have i been a fan of Taylor, but damn i cant get this out of my headüò≠üò≠",3,2025-11-07T13:54:59Z,0.279,0.721,0.0,-0.6163,negative
@christiankamsu36,"This music video is so exquisite, to the smallest detail. It's very dynamic, aesthetic and with a warm atmosphere! LOVED IT",71,2025-10-06T13:49:37Z,0.0,0.636,0.364,0.8663,positive
@jenniferjohnson7279,"This was the first actual ts video I have ever watched, now I understand why she is so great, this was amazing.",75,2025-10-07T13:30:30Z,0.0,0.666,0.334,0.8762,positive
@phungkhanhlinhofficial,üß°üß°üß°üß°üß°üß°üß°üß°üß°üß°üß°üß°,1209,2025-10-06T02:42:37Z,0.0,1.0,0.0,0.0,neutral
@FrancescoRoselli-r6o,100M of views in a month!!,3,2025-11-07T16:52:07Z,0.0,1.0,0.0,0.0,neutral
@BoujeeT13,I still can‚Äôt get over how she points at her wedding ring for the ‚Äú saved my heart from the fate of Ophelia ‚Äú 3:21 then catches the football it‚Äôs just so spot on of her ‚ù§Ô∏è‚Äçüî•,132,2025-10-07T04:06:23Z,0.0,0.922,0.078,0.4215,positive
@michaelattwell7502,"Pleased to see that more than 400 years later, Shakespeare is still featuring in our popular culture! I‚Äôd love to know what he‚Äôd have thought about the video‚Ä¶",69,2025-10-07T00:04:26Z,0.0,0.71,0.29,0.8805,positive
@joeylovestoflex,1:26 Taylor in the black hair reminds me of the mean girl she played in You Belong with me‚ù§‚ù§‚ù§‚ù§‚ù§‚ù§‚ù§,1382,2025-10-06T00:49:20Z,0.0,0.882,0.118,0.34,positive
@Saajzchetri,You don't have to be a fan to liking this masterpiece I mean c'mon now admit this that this song is charting all over the world it's insane what a great music love Taylor Swift and har artwork,1,2025-11-07T11:03:29Z,0.052,0.525,0.423,0.9588,positive
@gretamare2058,"BEST MV EVERR! The album is gorgeous, don‚Äôt listen to the hate‚ù§",55,2025-10-06T09:09:24Z,0.0,0.52,0.48,0.8814,positive
@lovekatseyeakina,"i‚Äôm personally not a taylor swift fan, but this might be one of the songs of the year. i can‚Äôt help if it‚Äôs so catchy! don‚Äôt even get me started on the choreo",132,2025-10-13T10:35:34Z,0.08,0.809,0.111,0.4705,positive
@missgemmadarling,I can't get this song out of my head. Everything about it is just brilliant,160,2025-10-19T09:39:21Z,0.0,0.774,0.226,0.5859,positive
@namesgamby,This might be her best song,1,2025-11-07T11:05:08Z,0.0,0.543,0.457,0.6369,positive
@sii-s1z,Why did i listen to the critics üòÇthis is my first time listening to songs from her new album and man she actually ate here üòÇ‚ù§,179,2025-10-07T01:44:12Z,0.084,0.916,0.0,-0.296,negative
@Crystal.Swiftie.Skies‡ßé,100% THE BEST MUSIC VIDEO TAYLOR HAS EVER MADE!!! ‚ù§Ô∏è‚Äçüî•‚ù§Ô∏è‚Äçüî•‚ù§Ô∏è‚Äçüî•,128,2025-10-04T03:07:47Z,0.0,0.608,0.392,0.7788,positive
@Lundynpwsly,"I'm not usually I big music video person! But this is so incredibly stunning!! The stories telling, the aesthetics, the sets everything üò≠üôå",76,2025-10-06T01:56:47Z,0.0,0.804,0.196,0.7297,positive
@nelvacarabelli3394,Who's listening today to this masterpiece?,5,2025-11-07T18:36:39Z,0.0,0.506,0.494,0.7073,positive
@JanhaviMishra,This mv has only been out for 1 day and it's already living rent free in my head. She looks STUNNING in that brown wig!!,61,2025-10-07T08:11:57Z,0.0,0.753,0.247,0.8029,positive
@computerrefurbishment9748,I am a heavy rock fan but this song is amazing. She has really matured as a performer and singer. Superb. I believe she also wrote and directed the video.,126,2025-10-19T08:56:59Z,0.0,0.648,0.352,0.926,positive
@ManiUssery,Love love love how she still has her dancers from the Eras tour with her.,110,2025-10-06T04:22:33Z,0.0,0.488,0.512,0.9274,positive
@MiftahulJannah-kv1tt,"the concept of MV is magic and awesome, you can watch many time",2,2025-11-08T14:31:47Z,0.0,0.745,0.255,0.6249,positive
@SuzanneMcCain,The Marilyn look is everything!,60,2025-10-07T16:07:03Z,0.0,1.0,0.0,0.0,neutral
@gayatrishetty-z8l,Miss Taylor Allison Swift U Came Back Stronger Than A 90s Trend‚ú®edit: This is the most likes I've gotten on a comment! Ps this is her best mv ever!!!‚ù§,263,2025-10-06T02:52:11Z,0.045,0.592,0.363,0.9054,positive
@theearchve,Let me know when this M/V reaches 100M Views üß°üíö,70,2025-10-10T14:04:08Z,0.0,0.882,0.118,0.0516,positive
@POVdubailife,just heard it today in the radio. LOVE IT!!!! didnt know twas taylor swift,1,2025-11-07T07:12:34Z,0.0,0.603,0.397,0.836,positive
@tingkumutum154,Why do i love hearing this song again again...,121,2025-11-02T14:09:04Z,0.0,0.625,0.375,0.6369,positive
@DreamyVibezMusic,"This sound is so wonderful. The person who is reading this comment, I wish you great success, health, love and happiness!",640,2025-10-15T03:28:50Z,0.0,0.375,0.625,0.9759,positive
@ElizabethJamal-z5v,"As a lifelong Swiftie, I can't stop replaying every lyric‚Äîit's like she reached into my memories and turned them into pure gold",67,2025-10-30T14:19:51Z,0.0,0.746,0.254,0.5842,positive
@Irllydontcare3,1:13 that part scratches my brain,3,2025-11-07T20:26:30Z,0.0,1.0,0.0,0.0,neutral
@_baert,"2:09 love the subtle vitiligo representation!  there are 30 other dancers they could have chosen to hold it, but they didn't!",237,2025-10-08T21:14:19Z,0.0,0.863,0.137,0.4912,positive
@tara_zadah,"Just when I thought Taylor couldn't top herself, she does it again. The Fate of Ophelia is everything",186,2025-10-23T22:12:27Z,0.09,0.91,0.0,-0.1511,negative
@laryha,"How is it possible, that she gets prettier and prettier everytime?",61,2025-10-06T23:07:40Z,0.0,0.592,0.408,0.7351,positive
@FloatingLyrics-h3j,I don‚Äôt know about anyone else but I think this is one of the best songs she‚Äôs ever done,0,2025-11-07T07:57:27Z,0.0,0.734,0.266,0.7783,positive
@kchan1987,Older millennial here; perpetually listening to songs of the '80s. Yet this has been ON LOOP for the past 72 hours. A masterpiece!,114,2025-10-24T07:39:17Z,0.0,0.827,0.173,0.6588,positive
@Sasha-wv3oy,I'm not a Swiftie but I actually like this one! Very beautiful!,288,2025-10-15T16:53:32Z,0.0,0.454,0.546,0.8915,positive
@book.girlie_13,OMG ITS RELEASING ON TRAVIS‚Äôs AND MARJORIE‚Äôs BIRTHDAYYYYY üò≠üò≠‚ù§Ô∏è‚Äçüî•‚ù§Ô∏è‚Äçüî•,75,2025-10-05T21:32:19Z,0.0,1.0,0.0,0.0,neutral
@FionaPiuma,i cant stop listening to it,3,2025-11-07T20:24:45Z,0.0,0.679,0.321,0.2235,positive
@lovelybouquet13,MY FAVORITE PART 3:36,291,2025-10-05T23:03:55Z,0.0,0.446,0.554,0.5766,positive
@Ralsei_plushie,"TAYLOR LET ME SEE IT AGAIN, I ALREADY SAW IT AT THE CINEMA üò≠üò≠üôèüôèüôè",114,2025-10-04T13:01:23Z,0.0,1.0,0.0,0.0,neutral
@theminecraftgirlofficial,Goddess üò≠ I'm obsessed! I don't get the hate for the new album! A song doesn't have to be lyrically complex to be Taylor Swift. She's happier.. she has a fiancee!!!! AHHHH SHE IS THE MOMENT ‚ù§Ô∏è‚Äçüî•,105,2025-10-06T04:03:06Z,0.045,0.796,0.158,0.6447,positive
@blankspac,I wonder what's the next single?,3,2025-11-08T13:41:17Z,0.0,1.0,0.0,0.0,neutral
@abilenelortz5475,Notice how the open door that she walks through at 3:32 says 87 ? ‚ù§üíõ,106,2025-10-06T02:20:59Z,0.0,1.0,0.0,0.0,neutral
@RedOsabX_YT,"100M views in 1 month, Congratulations Taylor üéâüéâüéâüéâüéâ",135,2025-11-05T15:22:41Z,0.0,0.606,0.394,0.5994,positive
@abonee,This music video feels like some premium worthy content,69,2025-10-06T02:35:37Z,0.0,0.565,0.435,0.6597,positive
@WELOVETAYLORSVERSION13,103M views!! ‚ù§,2,2025-11-07T08:22:10Z,0.0,1.0,0.0,0.0,neutral
@ElizabethEwing-g5y,"She's gorgeous as always, song is infectious, melody catches you up and gives groove.",96,2025-10-20T01:50:13Z,0.0,0.765,0.235,0.6124,positive
@ivymural9201,i'm in love with this music video üò≠Bring me back,96,2025-10-07T21:15:19Z,0.0,0.682,0.318,0.6369,positive
@Everkevinu,This song gives me those 2000‚Äôs and 2010‚Äôs vibes. Such a masterpiece,61,2025-10-27T21:01:32Z,0.0,0.709,0.291,0.6249,positive
@omar__17,"No s√© que me pas√≥, yo soy un macho alfa y me gusta esta canci√≥n",4,2025-11-07T19:44:40Z,0.145,0.855,0.0,-0.296,negative
@polychrome01,1:13 OBSESSED with this choreography... it's so satisfying üò©ü§å,104,2025-10-07T10:01:30Z,0.183,0.526,0.291,0.3471,positive
@wallacetorrieri6435,people comlain that she can't dance and sing but nobody gives this type of fun and vibe. Taylor is great entertainer,56,2025-10-06T17:31:54Z,0.0,0.571,0.429,0.9382,positive
@justheameyer5254,my new favorite on repeat can't get enough,69,2025-10-19T10:46:57Z,0.0,0.7,0.3,0.4588,positive
@PoppyWarner-z6y,So calming to listen to before bed.,2,2025-11-07T18:40:43Z,0.0,0.667,0.333,0.4576,positive
@espreesso,"I swore I think I‚Äôve listened to this song like 10000 times, it‚Äôs so addictive, I mean this  you saved me from the fate of Ophelia.",57,2025-10-25T05:43:03Z,0.0,0.798,0.202,0.6486,positive
@jenniferhately2423,This is honestly the best music video I've ever seen in my whole life!,56,2025-10-06T15:00:46Z,0.0,0.616,0.384,0.8172,positive
@mikey6538,"I am not an Ms Swift fan at all but but but this song has me hooked like a 16 year old.. damn, I am a 62-year-old, actually.. addictive and I blame my grandchildren, but I can not let them know I really like this song",227,2025-10-13T13:56:02Z,0.162,0.672,0.166,0.0526,positive
@anetasawinska2879,I'll come back here in 2026 and see how many likes it will have,3,2025-11-08T12:25:16Z,0.0,0.823,0.177,0.4215,positive
@SawmiChhakchhuak-nv6xo,Someone listening today??,5322,2025-10-24T13:14:48Z,0.0,1.0,0.0,0.0,neutral
@seiikaaa,I NEVER listen to Taylor‚Äôs songs but this one I can‚Äôt stop listening to üòç,59,2025-11-02T13:58:00Z,0.203,0.797,0.0,-0.4215,negative
@raquelmoritzfilm,"Okayyyy, cinematic masterpiece. She can truly rock any look, any era. So dang talented. This video is an instant classicüé•",134,2025-10-23T19:27:48Z,0.0,0.616,0.384,0.8905,positive
@robiny4457,Crazy how they danced to this without the actual song so it won‚Äôt leak lol,3,2025-11-08T02:12:25Z,0.255,0.604,0.141,-0.3102,negative
@christinkachelmann1707,Let‚Äôs face it: Swift+Martin+Shellback= Hit records.üòÄ,84,2025-10-06T10:22:13Z,0.0,1.0,0.0,0.0,neutral
@Stewart-px8ow,"I  am not really a Taylor Swift fan, but ever since I saw part of the clip of this song on instagram I found it really catchy and it lead to me here.",60,2025-10-10T12:38:04Z,0.046,0.895,0.059,0.0984,positive
@marciodesouza4377,"Wonderful song, one of the best of her career!",63,2025-11-03T16:03:11Z,0.0,0.461,0.539,0.8478,positive
@JayMarkOloverio-t1y,Eyy! 106M views,5,2025-11-08T15:33:33Z,0.0,1.0,0.0,0.0,neutral
@chikweluadaora151,Taylor just made us proud ‚Ä¶ She just reminded us of who she is ü´†,51,2025-10-10T14:32:10Z,0.0,0.795,0.205,0.4767,positive
@cirottos7288,Someone watches It today??,3658,2025-11-04T21:53:31Z,0.0,1.0,0.0,0.0,neutral
@polito-u7z,I adore this song more and more the more times I listen to it. Can't stop coming back here. This is one of my favourite Taylor's songs.,57,2025-10-09T20:53:12Z,0.0,0.807,0.193,0.6692,positive
@nibalshapso397,This show is a piece of art,1,2025-11-08T06:29:26Z,0.0,1.0,0.0,0.0,neutral
@jnmks,come on guys let's get to 100M!!!,61,2025-11-03T14:34:54Z,0.0,1.0,0.0,0.0,neutral
@t_r_a_v_e_l_l_e_r,She literally played every word that she wrote in the song.üòÇüëåüèªüëåüèª‚ù§Ô∏è‚Äçüî•‚ù§Ô∏è‚Äçüî•,68,2025-10-06T04:46:07Z,0.0,0.806,0.194,0.34,positive
@McBrideGoronariyo,Anyone here today ? I swear I listen to this song everyday such a banger üî•,295,2025-10-27T20:26:11Z,0.107,0.893,0.0,-0.0516,negative
@BiancaRedhead-Trettenbrein,"I'm not a swiftie, BUT this video is the embodiment of perfection üòÆ",3,2025-11-07T13:47:27Z,0.0,0.664,0.336,0.7227,positive
@CaineRayBradbury1314,3:32 OMG she comes in through a door numbered 87‚ù§‚ù§,64,2025-10-09T20:06:55Z,0.0,1.0,0.0,0.0,neutral
@karlamay_,Her catching the ball at 03:30 üòÇ ain't she a cutie?????? ‚ù§‚ù§‚ù§,77,2025-10-05T23:08:33Z,0.0,1.0,0.0,0.0,neutral
@traditionalboy7836,"Finally 100M today üòé
From Bangladesh üáßüá©",296,2025-11-05T03:26:37Z,0.0,1.0,0.0,0.0,neutral
@suziebacon,Lovin it!,3,2025-11-08T16:14:30Z,0.0,1.0,0.0,0.0,neutral
@sarahc7087,"Absolutely one of her best videos to date. Been obsessed since I saw it in the cinemas on Friday. The first big dance scene at 0:54 has been stuck in my head, as has the boat scene! I love how she brought back so many people from the eras tour for this video too ü•π",51,2025-10-05T23:08:43Z,0.061,0.795,0.144,0.7901,positive
@gegeamally,1:45 seem like princess merida‚ù§,197,2025-10-06T15:56:58Z,0.0,0.615,0.385,0.3612,positive
@patriciaemenpour1734,I just love her voice who agrees?,75,2025-10-26T14:08:53Z,0.0,0.4,0.6,0.7184,positive
@CroissantsAreYum,I never really enjoyed taylor swift's music but this song is soooo addictive,4,2025-11-06T19:40:50Z,0.151,0.849,0.0,-0.2405,negative
@EricaCornelius-e9y,On 00:43 th Travis  kelse picture is on the mirror in the left back ground,154,2025-10-19T19:11:24Z,0.0,1.0,0.0,0.0,neutral
@Jackieu9m,"2:15 Ophelia drowning, meanwhile all the life guards",296,2025-10-06T04:22:34Z,0.0,1.0,0.0,0.0,neutral
@YtShorts-so8xe,0:20 Dit anyone notice that when you click the video progress bar there's a  door .oh Taylor ü§©ü§©,107,2025-10-05T14:42:33Z,0.0,0.851,0.149,0.4215,positive
@SamanahRizvi-i2q,Anyone today?????,3,2025-11-08T12:43:54Z,0.0,1.0,0.0,0.0,neutral
@AmakaSokari,Anyone today????????,5415,2025-10-18T16:28:21Z,0.0,1.0,0.0,0.0,neutral
@brinaswiftie.4ever,She literally had no budget for this music video! It's incredible!!üéâ,53,2025-10-06T14:31:37Z,0.235,0.765,0.0,-0.4724,negative
@bitbit1443,Who here it today??üíú,168,2025-10-19T07:38:12Z,0.0,1.0,0.0,0.0,neutral
@dianebrown2131,This has to be my all time favorite of Taylor Swift's videos.  Total perfection,1,2025-11-08T05:17:21Z,0.0,0.642,0.358,0.7717,positive
@orltattered,"3:45 ""And an Oscar on their bathroom floor"" - Wi$h Li$t",302,2025-10-05T23:14:16Z,0.0,1.0,0.0,0.0,neutral
@devank-tyagi,0:24 sourdough debut!!!,177,2025-10-06T01:52:57Z,0.0,1.0,0.0,0.0,neutral
@TrieschT,Yesterday was 30M and now it's 48M how did that happen,70,2025-10-10T18:22:20Z,0.0,1.0,0.0,0.0,neutral
@veronicaisi6151,Masterpiece ‚ù§Ô∏è‚Äçüî•üî•‚ù§Ô∏è‚Äçüî•,2,2025-11-07T09:51:20Z,0.0,0.196,0.804,0.6249,positive
@GigachadSnyder,3:29 is for Travis ‚ù§‚ù§,53,2025-10-07T22:17:09Z,0.0,1.0,0.0,0.0,neutral
@bitbit1443,Someone today??,2461,2025-10-17T21:26:19Z,0.0,1.0,0.0,0.0,neutral
@SophieWilliams-h8m,0:37 That outfit is amazing,66,2025-10-23T16:34:55Z,0.0,0.513,0.487,0.5859,positive
@redskaya,"Not a fan, but thiss crazee, such a magical",4,2025-11-08T10:16:25Z,0.198,0.802,0.0,-0.1232,negative
@bitbit1443,Someone here today???,3595,2025-10-26T12:18:53Z,0.0,1.0,0.0,0.0,neutral
@ErinRodgers-h9g,I love it how the football just slided in there,61,2025-10-14T15:12:36Z,0.0,0.656,0.344,0.6369,positive
@vron.kate123,FIRST MINUTE GANG 1:22,71,2025-10-05T23:01:43Z,0.0,1.0,0.0,0.0,neutral
@Speks_YT,I'm not a fan of taylor but this song is getting me addicted ‚ù§üòÖ,1,2025-11-08T03:59:10Z,0.11,0.89,0.0,-0.1232,negative
@sj.123,Someone listening today?,69,2025-10-25T12:26:53Z,0.0,1.0,0.0,0.0,neutral
@mckinley-lv2bn,1:42 jan found his ladder again,125,2025-10-05T23:49:00Z,0.0,1.0,0.0,0.0,neutral
@kellicady7932,At 1:08 she looks like the mom from spy√ófamily,575,2025-10-06T01:52:25Z,0.0,0.762,0.238,0.3612,positive
@lisaannphillips,"Favorite Taylor Swift video, hands down!!!",3,2025-11-08T00:33:32Z,0.0,0.413,0.587,0.6884,positive
@SwrDes,1:37 entering her she got a wig era i see,50,2025-10-05T23:23:59Z,0.0,1.0,0.0,0.0,neutral
@laynz.y,WATCHING this SMASH HIT over and over again I'm obsessed,92,2025-10-09T16:08:45Z,0.159,0.841,0.0,-0.1779,negative
@EliasTheGreat715,0:35 Marilyn Monroe cameo,583,2025-10-05T23:39:18Z,0.0,1.0,0.0,0.0,neutral
@VxxNunuxvv,"Even though i dislike Taylor, I cant lie, this song is amazing",2,2025-11-07T14:06:09Z,0.181,0.556,0.264,0.296,positive
@icanthaveyouaroundmeanymore,0:30 KAMM!!!!!!,73,2025-10-05T23:11:02Z,0.0,1.0,0.0,0.0,neutral
@xiamthekayleex,1:51 she looks like chapel roan lol,57,2025-10-06T03:49:37Z,0.0,0.485,0.515,0.6486,positive
@bitbit1443,Every time someone likes my comment i watch this video again>>>>üß°,434,2025-10-26T12:18:36Z,0.0,0.763,0.237,0.4215,positive
@cxcfghj,Amazing üòç,2,2025-11-07T09:49:59Z,0.0,0.0,1.0,0.5859,positive
@deHaas2011,I love that all the dancers are at a healthy weight!,2,2025-11-07T18:14:50Z,0.0,0.493,0.507,0.8016,positive
@ryansiddiqui3665,"omg my queen, im so proud of you!!!!!!!!

you SLAYED SOOOOOO hard here, im in tears.

#feminism#hatemen#im6""3#hateperiods#womenrights",4,2025-11-07T18:57:18Z,0.147,0.623,0.23,0.5939,positive
@rain-m9y,"Ophelia's Hamlet looks a lot like JV from Denver ""Nuggets""ü§©",2,2025-11-08T16:11:36Z,0.0,0.762,0.238,0.3612,positive
@MarcusDammannEmden,I Love this Song ‚ù§,3,2025-11-07T18:42:40Z,0.0,0.323,0.677,0.6369,positive
@Imtheepanda,Everytime this song pops up I think about her cute little friend she donated 100 000$ to ‚ù§Ô∏è,1,2025-11-07T16:13:25Z,0.0,0.717,0.283,0.7102,positive
@veronicaisi6151,"She‚Äôs the best, most versatile, and most talented singer, songwriter, director, and actress on the planet ‚Äî of all time. üåçüíñüî•‚ù§Ô∏è‚Äçüî•",1,2025-11-07T09:49:56Z,0.0,0.698,0.302,0.8313,positive
@JIMKALAM-u9d,3:25 the best parttt‚ù§,1,2025-11-08T15:45:04Z,0.0,0.417,0.583,0.6369,positive
@douglasbrannon6525,"Taylor's  music has gotten 
more mature it seems.",1,2025-11-07T20:13:26Z,0.0,0.694,0.306,0.4754,positive
@Okay_Pluto74874,I‚Äôm not even a big Taylor Swift fan but damn this song is amazing‚ù§,1,2025-11-07T14:55:51Z,0.214,0.602,0.184,-0.3612,negative
@liminal.spiral,"as a taylor swift hater, even i like this songüò≠",1,2025-11-07T17:39:11Z,0.231,0.413,0.355,0.128,positive
@matjakubowski7610,this hit,3,2025-11-08T10:07:48Z,0.0,1.0,0.0,0.0,neutral
@UnexpectedStream,Someone watches it today??,6,2025-11-08T10:10:13Z,0.0,1.0,0.0,0.0,neutral
@biancadominique8489,That woman's beauty exists outside of time.,1,2025-11-07T22:21:24Z,0.0,0.612,0.388,0.5859,positive
@ahmadsaleh464,Is there anyone in NOV 2025üòçüòç... Taylor swift is a genius at all times‚ù§‚ù§‚ù§‚ù§,3,2025-11-07T13:48:17Z,0.0,0.87,0.13,0.2023,positive
@RettaNox,"""All that time i spent alone in my tower u were just honinig ur powers""

Reminds me of Rapunzel",2,2025-11-07T22:26:52Z,0.111,0.889,0.0,-0.25,negative
@WuWeiyinGsps,all swifties must like here!ü§ó,2,2025-11-08T06:37:18Z,0.0,0.589,0.411,0.4199,positive
@boatmatt27,SLAYYYYYY‚ù§,2,2025-11-08T17:42:57Z,0.0,1.0,0.0,0.0,neutral
@ppavithra2245,"I request my message should reach the director, choreography etc of this song. Has anybody seen there was a beautiful great lady who might be affected from albinism, the one who holds the life ring but without any discrimination the director has accepted the beauty in her n gave the chance for showcasing her talent... Beautiful and kind hearted  people at this generation...greatüéâ",1,2025-11-07T18:18:11Z,0.017,0.648,0.335,0.9777,positive
@yukira_0160,AHHH I LOVE YOU VERY MUCH TAYLOR SWIFT YOUR SO BEAUTIFUL ‚ù§‚ù§‚ù§‚ù§,1,2025-11-07T07:41:32Z,0.0,0.363,0.637,0.9437,positive
@dontstooopgetitgetit,this lowkey sounds like trouble is a friend by Lenkaüò©üò©,1,2025-11-08T14:57:38Z,0.188,0.417,0.396,0.4588,positive
@gods_angel.__x,Keep streaming ‚ù§,1,2025-11-07T09:38:42Z,0.0,1.0,0.0,0.0,neutral
@veronicaisi6151,"It‚Äôs such a perfect masterpiece. I love it so much. Thank you, Taylor. üíñ",1,2025-11-07T22:39:15Z,0.0,0.321,0.679,0.9411,positive
@iryna0188,She‚Äôs is slaying!!!!!! :),4,2025-11-08T01:17:00Z,0.0,0.419,0.581,0.6331,positive
@emmaakesson834,Omg!!!!!! I love Taylor Swift keep going‚ù§‚ù§‚ù§‚ù§ your amazing‚ù§‚ù§‚ù§‚ù§‚ù§‚ù§ don‚Äôt stopüéâüéâüéâüéâüéâ,4,2025-11-07T16:59:07Z,0.0,0.527,0.473,0.8002,positive
@sophiekirkwood2039,The blonde wigs at the start are everything ‚ù§Ô∏è,0,2025-11-07T07:58:36Z,0.0,1.0,0.0,0.0,neutral
@JoyfulLeopardSeal-os9kz,I have the same birthday as herüòÇ December 13,4,2025-11-08T00:35:49Z,0.0,1.0,0.0,0.0,neutral
@WhisperingWheels-v4p,"Ophelia is a character from Shakespeare's Hamlet, a young noblewoman who‚Äôs manipulated by her father and the king, rejected by Hamlet, and ultimately driven to madness.  She‚Äôs often seen as a symbol of innocence crushed by political and emotional chaos.",4,2025-11-07T14:29:08Z,0.309,0.606,0.085,-0.9022,negative
@danitandrea,"No me puedo quitar esta cancion de la cabeza, solo conoc√≠a a Taylor Swift por nombre, ojal√° que tenga m√°s canciones as√≠, a buscar sus canciones ü§ì",1,2025-11-07T19:30:36Z,0.085,0.846,0.069,-0.1027,negative
@chrystaldlabal4935,Wonder how long it took to film all these scenes...fantastic,1,2025-11-08T04:49:08Z,0.0,1.0,0.0,0.0,neutral
@sofianezoubiri7392,What I love about her songs is that the lyrics are not clich√© ‚ù§‚ù§‚ù§‚ù§‚ù§‚ù§‚ù§,1,2025-11-07T21:01:43Z,0.0,0.741,0.259,0.6369,positive
@Lana-Nagy,who's here after 100M ?!ü§©,3,2025-11-07T14:23:16Z,0.0,1.0,0.0,0.0,neutral
@pia4383,Best music video of all times üéâüòä‚ù§,3,2025-11-07T17:20:33Z,0.0,0.588,0.412,0.6369,positive
@dermaamore1186,Incredible ‚ù§,2,2025-11-07T18:47:19Z,0.0,1.0,0.0,0.0,neutral
@courtneybloomfield9633,I love seeing Jan's personality after watching him on DWTS,1,2025-11-07T18:23:57Z,0.0,0.656,0.344,0.6369,positive
@TamsinFairbourne,Addicted to this sound,1,2025-11-07T14:30:05Z,0.0,1.0,0.0,0.0,neutral
@jonasdacuba6545,I really love this mv‚ù§Ô∏è‚Äçüî•,2,2025-11-07T13:33:11Z,0.0,0.4,0.6,0.6697,positive
@carlyestilow8881,After over a month listening and watching repeatedly üòç.. this is the greatest ever,1,2025-11-08T02:41:54Z,0.0,0.741,0.259,0.6369,positive
@NLillianBb,1:42 make me think of the girl from brave,4,2025-11-07T22:11:30Z,0.0,0.702,0.298,0.5267,positive
@lifesurvivor4154,Oh the smile this song places on my face every single time no matter what mood I‚Äôm in üòç,5,2025-11-06T17:50:22Z,0.106,0.721,0.173,0.1027,positive
@happymango1176,"Not a fan,I like a few songs of Taylor but I just LOVE LOVE this song.This her best one yet",2,2025-11-07T11:12:06Z,0.046,0.381,0.574,0.9721,positive
@connies8901,"i'm not a Swiftie, but with this song she's got me.",4,2025-11-07T00:41:13Z,0.0,1.0,0.0,0.0,neutral
@AmandaCristobal-d6j,"Who is here after a month of this epic video out
üëá",3,2025-11-08T06:58:04Z,0.0,1.0,0.0,0.0,neutral
@rosytta,Insane,3,2025-11-08T13:51:12Z,1.0,0.0,0.0,-0.4019,negative
@TaemEssa,240M viewers congratulations üéâ,2,2025-11-08T12:07:16Z,0.0,0.339,0.661,0.5994,positive
@GenaroMacchiaroli-b9r,VIDEO OF THE YEAR,4,2025-11-07T01:03:26Z,0.0,1.0,0.0,0.0,neutral
@Addy_ispreppyyy,OKAY NOW TAYLOR IS TWERKING-,1,2025-11-08T01:01:23Z,0.0,0.678,0.322,0.2263,positive
@rudyrawcliffe8532,I've seen you belong with me.Shake it off so many,1,2025-11-07T20:07:58Z,0.0,1.0,0.0,0.0,neutral
@ahmedaasem1802,It sounds like a mix of 2010- 2015 hits,2,2025-11-08T09:01:35Z,0.0,0.737,0.263,0.3612,positive
@GeverPalut,Alguien escucha cada d√≠a?,3,2025-11-08T18:23:12Z,0.0,1.0,0.0,0.0,neutral
@Bandar-v7d,Omg big fan i love Taylor and I wish to go to a concert,1,2025-11-07T09:12:29Z,0.0,0.465,0.535,0.8481,positive
@Brandin-James,Absolutely brilliant. Costumes make up and hair and the choreography and stage set up ‚ù§,6,2025-11-06T17:19:42Z,0.0,0.761,0.239,0.624,positive
@veronicaisi6151,"If she were to release another video, which one would you wish for? üé¨üíñ‚ù§Ô∏è‚Äçüî•",3,2025-11-06T15:44:15Z,0.0,0.828,0.172,0.4019,positive
@thegodblogger3812,Honestly my biggest reason for liking Taylor Swift is because so many people I know don't.,0,2025-11-07T19:12:33Z,0.0,0.615,0.385,0.7579,positive
@kewpie-cat,this can be a whole musical on its own omg,0,2025-11-07T19:21:36Z,0.0,1.0,0.0,0.0,neutral
@UtiAdjeran,"Ladies and Gentleman give it up for Princess Taylor Swift of Her sweetest song, super vibe and super  üÖíüÖûüÖûüÖõ in the end of 2025 *Fate of Ophelia*  üéâ‚ù§",2,2025-11-07T15:24:09Z,0.0,0.723,0.277,0.8625,positive
@EmilyTrovato-m8d,Taylor swift i love you! ‚ù§‚ù§,1,2025-11-07T13:19:15Z,0.0,0.323,0.677,0.7424,positive
@MuammarZackyNatuwah,Anyone 2025?üòÇ,2,2025-11-08T18:50:54Z,0.0,1.0,0.0,0.0,neutral
@lifeisthetruthofbeauty,Boss Woman üòä,3,2025-11-07T16:11:57Z,0.0,1.0,0.0,0.0,neutral
@Julesiscools,I can't get ts out my head bro,1,2025-11-07T08:10:55Z,0.0,1.0,0.0,0.0,neutral
@mrangry1960,"I'm a massive 70s fan so this is well outside my era, but I love it!",1,2025-11-07T15:20:18Z,0.0,0.539,0.461,0.8564,positive
@ViJonesArtistforthePeople,Swiftie for Life!,1,2025-11-07T14:43:53Z,0.0,1.0,0.0,0.0,neutral
@SaphoWorld,My life path number is 13.,1,2025-11-07T18:36:44Z,0.0,0.794,0.206,0.0772,positive
@lemmecriticyou,BEST SONG EVER!!!!üíú #TaylorSwifttheSongHealer,2,2025-11-08T14:42:51Z,0.0,0.33,0.67,0.7964,positive
@chiuso__persempre-y3g,I love Song ‚ù§,3,2025-11-08T15:53:27Z,0.0,0.192,0.808,0.6369,positive
@Lena-rel,Luv the dresses ‚ù§,1,2025-11-08T03:16:42Z,0.0,1.0,0.0,0.0,neutral
@chubbychubs4636,I really like this and I'm a 60 year old man üòÖ,1,2025-11-07T13:22:29Z,0.0,0.741,0.259,0.4201,positive
@veronicaisi6151,"Thank you, Taylor, for this masterpiece once again. I truly love it so much. üíñ",1,2025-11-08T15:55:06Z,0.0,0.383,0.617,0.9379,positive
@nabakkajamidah8293,It's perfect üò¢üò¢üò¢üò¢üò¢,1,2025-11-08T12:09:01Z,0.0,0.351,0.649,0.5719,positive
@MrFthibodeau,We are doing a vid√©o about the Easter eggs in the fate of Ophelia music video,4,2025-11-07T17:22:42Z,0.0,1.0,0.0,0.0,neutral
@SpicyRavenClaw,"November 8, 2025. Anyone?üß°üíö",3,2025-11-08T02:03:03Z,0.0,1.0,0.0,0.0,neutral
@allenviado1824,Ariana's low note is healing meüíìüíö,0,2025-11-07T12:47:21Z,0.296,0.704,0.0,-0.2732,negative
@anishabasu4709,Played it 40 times back to back,6,2025-11-06T23:21:44Z,0.0,0.714,0.286,0.34,positive
@VishalMishra-ge2ef,Gotchaüòä,1,2025-11-07T19:23:39Z,0.0,1.0,0.0,0.0,neutral
@noducksgivenandthensome2547,"Im not really a Taylor Swift fan, but I'll be damed if this song doesn't slap",3,2025-11-06T17:45:49Z,0.182,0.712,0.106,-0.0729,negative
@occamylul,2027 Grammy's Here We Come!!,2,2025-11-07T16:41:57Z,0.0,1.0,0.0,0.0,neutral
@katieTay1696,Has any else caught on that this song is about travis or is it just me? she caught a football at 3:28 and she‚Äôs talking about how he saved her from fate of Ophelia,1,2025-11-08T14:06:18Z,0.0,0.92,0.08,0.4215,positive
@Emy-s8j2r,"100 million views? That's amazing! It's insane! I never expected the song to reach that many views in less than a month, but you deserve it, Taylor. And like I said before, I'll be the first to celebrate this achievement, and that's exactly what I did. Remind me when the song reaches 200 million views. I'm waiting for that number!",4,2025-11-06T17:08:06Z,0.028,0.74,0.232,0.9105,positive
@OG.Malibu,Not a billion views? I‚Äôm mad now üëø,5,2025-11-07T00:41:25Z,0.39,0.61,0.0,-0.4939,negative
@mikkomustalampi8855,MASTERPIECE,1,2025-11-07T20:50:52Z,0.0,0.0,1.0,0.6249,positive
@niolss,Max Martin is a genius. Would love to watch this happen in the studio,2,2025-11-06T22:18:14Z,0.0,0.741,0.259,0.6369,positive
@bg9217,To see the utter joy in her face singing this song is so satisfying.  A true piece of art.,0,2025-11-07T23:41:40Z,0.0,0.583,0.417,0.8944,positive
@IjRp-b2x,"‚ù§üé∂ *I swore My loyalty to ME, MY SELF and I* üé∂...‚ù§",3,2025-11-07T01:06:12Z,0.0,0.759,0.241,0.5423,positive
@AASNunTy,This song has brought me back to Tay! I‚Äôm so happy for her that she met Travis and feels so loved on by him. That‚Äôs pretty special. I‚Äôm rooting for them ‚ú®,0,2025-11-07T18:08:57Z,0.0,0.629,0.371,0.9511,positive
@Adventureswithcassidy,I hope Taylor swift makes a song with my name in it one day what a blessing ü•πüôèüèΩ‚ú®,0,2025-11-07T19:30:22Z,0.0,0.603,0.397,0.7845,positive
@Be_mine_cookie_0kayy,My new fav song ofc!!!,1,2025-11-08T13:15:07Z,0.0,0.508,0.492,0.5962,positive
@MiaKatarina≈†vigelj-n6v,Someone watching it today?,3,2025-11-07T15:23:49Z,0.0,1.0,0.0,0.0,neutral
@J√∫lia-b9b9g,0:57 outfit was cool 2:25 and 2:09,1,2025-11-07T15:41:47Z,0.0,0.723,0.277,0.3182,positive
@kristin9905,Anyone watching today? üé∂üß°,1,2025-11-07T10:47:51Z,0.0,1.0,0.0,0.0,neutral
@Taraliv-34,November 2025 somebody? ‚ù§,2,2025-11-08T06:40:01Z,0.0,1.0,0.0,0.0,neutral
@ladialestari1397,"The first time i heard this song, i like so much‚ù§‚ù§",1,2025-11-08T04:42:01Z,0.0,0.762,0.238,0.3612,positive
@gods_angel.__x,Keep streaming,1,2025-11-07T09:38:02Z,0.0,1.0,0.0,0.0,neutral
@kayliahferrero,Looooove this song im addicted to it ‚ù§‚ù§‚ù§‚ù§‚ù§,1,2025-11-08T08:09:11Z,0.0,1.0,0.0,0.0,neutral
@marie-claudecarignan9147,I love this song,1,2025-11-08T18:26:00Z,0.0,0.323,0.677,0.6369,positive
@MahikantaRay,Anyone today?,4,2025-11-07T15:36:02Z,0.0,1.0,0.0,0.0,neutral
@mor9361,First song i really like from taylor. How is this a Taylor swift song and does not have 4 billion views?,1,2025-11-07T13:03:04Z,0.0,0.777,0.223,0.5563,positive
@booklover19200,Petition for Taylor Swift to hold a concert in Greece üá¨üá∑üá¨üá∑üá¨üá∑üîúüîúüîúüôèüôèüôè,3,2025-11-07T06:05:12Z,0.0,0.833,0.167,0.2023,positive
@ZahraSalari-k4b,I love her‚ù§,1,2025-11-07T07:48:24Z,0.0,0.192,0.808,0.6369,positive
@LeDavid-v2c,Love this song ‚ù§,1,2025-11-07T16:09:28Z,0.0,0.323,0.677,0.6369,positive
@Kutay_Ozturk,Finally She is back aand Finally I am prouding From Katy Fan,1,2025-11-07T16:14:33Z,0.0,0.813,0.187,0.3182,positive
@AbdoAbdoMmss,Anyone here ‚ù§‚ù§‚ù§,2,2025-11-08T02:13:25Z,0.0,1.0,0.0,0.0,neutral
@Ididntaskforahandleyoutube,I'm a 50 year old Gen X Seattle Hipster and I love this. Great music should always crush borders.,0,2025-11-07T20:34:15Z,0.068,0.549,0.383,0.8582,positive
@Ismael.Rub.s90,"Darling, you're the best dancer, a real sweetheart. Greetings, I'm pure Moroccan. ‚ù§üòä",1,2025-11-07T21:11:24Z,0.0,0.346,0.654,0.9442,positive
@nrfeyza,ƒ∞M OBSESSeD Wƒ∞TH THƒ∞S SONG,2,2025-11-07T10:22:32Z,0.298,0.702,0.0,-0.1779,negative
@Unplugshark,0:43 popular part,1,2025-11-08T17:37:50Z,0.0,0.417,0.583,0.4215,positive
